"species","island","bill_length_mm","bill_depth_mm","flipper_length_mm","body_mass_g","sex"
"Adelie","Torgersen","39.1","18.7","181","3750","male"
"Adelie","Torgersen","39.5","17.4","186","3800","female"
"Adelie","Torgersen","40.3","18","195","3250","female"
"Adelie","Torgersen","36.7","19.3","193","3450","female"
"Adelie","Torgersen","39.3","20.6","190","3650","male"
"Adelie","Torgersen","38.9","17.8","181","3625","female"
"Adelie","Torgersen","39.2","19.6","195","4675","male"
"Adelie","Torgersen","41.1","17.6","182","3200","female"
"Adelie","Torgersen","38.6","21.2","191","3800","male"
"Adelie","Torgersen","34.6","21.1","198","4400","male"
"Adelie","Torgersen","36.6","17.8","185","3700","female"
"Adelie","Torgersen","38.7","19","195","3450","female"
"Adelie","Torgersen","42.5","20.7","197","4500","male"
"Adelie","Torgersen","34.4","18.4","184","3325","female"
"Adelie","Torgersen","46","21.5","194","4200","male"
"Adelie","Biscoe","37.8","18.3","174","3400","female"
"Adelie","Biscoe","37.7","18.7","180","3600","male"
"Adelie","Biscoe","35.9","19.2","189","3800","female"
"Adelie","Biscoe","38.2","18.1","185","3950","male"
"Adelie","Biscoe","38.8","17.2","180","3800","male"
"Adelie","Biscoe","35.3","18.9","187","3800","female"
"Adelie","Biscoe","40.6","18.6","183","3550","male"
"Adelie","Biscoe","40.5","17.9","187","3200","female"
"Adelie","Biscoe","37.9","18.6","172","3150","female"
"Adelie","Biscoe","40.5","18.9","180","3950","male"
"Adelie","Dream","39.5","16.7","178","3250","female"
"Adelie","Dream","37.2","18.1","178","3900","male"
"Adelie","Dream","39.5","17.8","188","3300","female"
"Adelie","Dream","40.9","18.9","184","3900","male"
"Adelie","Dream","36.4","17","195","3325","female"
"Adelie","Dream","39.2","21.1","196","4150","male"
"Adelie","Dream","38.8","20","190","3950","male"
"Adelie","Dream","42.2","18.5","180","3550","female"
"Adelie","Dream","37.6","19.3","181","3300","female"
"Adelie","Dream","39.8","19.1","184","4650","male"
"Adelie","Dream","36.5","18","182","3150","female"
"Adelie","Dream","40.8","18.4","195","3900","male"
"Adelie","Dream","36","18.5","186","3100","female"
"Adelie","Dream","44.1","19.7","196","4400","male"
"Adelie","Dream","37","16.9","185","3000","female"
"Adelie","Dream","39.6","18.8","190","4600","male"
"Adelie","Dream","41.1","19","182","3425","male"
"Adelie","Dream","36","17.9","190","3450","female"
"Adelie","Dream","42.3","21.2","191","4150","male"
"Adelie","Biscoe","39.6","17.7","186","3500","female"
"Adelie","Biscoe","40.1","18.9","188","4300","male"
"Adelie","Biscoe","35","17.9","190","3450","female"
"Adelie","Biscoe","42","19.5","200","4050","male"
"Adelie","Biscoe","34.5","18.1","187","2900","female"
"Adelie","Biscoe","41.4","18.6","191","3700","male"
"Adelie","Biscoe","39","17.5","186","3550","female"
"Adelie","Biscoe","40.6","18.8","193","3800","male"
"Adelie","Biscoe","36.5","16.6","181","2850","female"
"Adelie","Biscoe","37.6","19.1","194","3750","male"
"Adelie","Biscoe","35.7","16.9","185","3150","female"
"Adelie","Biscoe","41.3","21.1","195","4400","male"
"Adelie","Biscoe","37.6","17","185","3600","female"
"Adelie","Biscoe","41.1","18.2","192","4050","male"
"Adelie","Biscoe","36.4","17.1","184","2850","female"
"Adelie","Biscoe","41.6","18","192","3950","male"
"Adelie","Biscoe","35.5","16.2","195","3350","female"
"Adelie","Biscoe","41.1","19.1","188","4100","male"
"Adelie","Torgersen","35.9","16.6","190","3050","female"
"Adelie","Torgersen","41.8","19.4","198","4450","male"
"Adelie","Torgersen","33.5","19","190","3600","female"
"Adelie","Torgersen","39.7","18.4","190","3900","male"
"Adelie","Torgersen","39.6","17.2","196","3550","female"
"Adelie","Torgersen","45.8","18.9","197","4150","male"
"Adelie","Torgersen","35.5","17.5","190","3700","female"
"Adelie","Torgersen","42.8","18.5","195","4250","male"
"Adelie","Torgersen","40.9","16.8","191","3700","female"
"Adelie","Torgersen","37.2","19.4","184","3900","male"
"Adelie","Torgersen","36.2","16.1","187","3550","female"
"Adelie","Torgersen","42.1","19.1","195","4000","male"
"Adelie","Torgersen","34.6","17.2","189","3200","female"
"Adelie","Torgersen","42.9","17.6","196","4700","male"
"Adelie","Torgersen","36.7","18.8","187","3800","female"
"Adelie","Torgersen","35.1","19.4","193","4200","male"
"Adelie","Dream","37.3","17.8","191","3350","female"
"Adelie","Dream","41.3","20.3","194","3550","male"
"Adelie","Dream","36.3","19.5","190","3800","male"
"Adelie","Dream","36.9","18.6","189","3500","female"
"Adelie","Dream","38.3","19.2","189","3950","male"
"Adelie","Dream","38.9","18.8","190","3600","female"
"Adelie","Dream","35.7","18","202","3550","female"
"Adelie","Dream","41.1","18.1","205","4300","male"
"Adelie","Dream","34","17.1","185","3400","female"
"Adelie","Dream","39.6","18.1","186","4450","male"
"Adelie","Dream","36.2","17.3","187","3300","female"
"Adelie","Dream","40.8","18.9","208","4300","male"
"Adelie","Dream","38.1","18.6","190","3700","female"
"Adelie","Dream","40.3","18.5","196","4350","male"
"Adelie","Dream","33.1","16.1","178","2900","female"
"Adelie","Dream","43.2","18.5","192","4100","male"
"Adelie","Biscoe","35","17.9","192","3725","female"
"Adelie","Biscoe","41","20","203","4725","male"
"Adelie","Biscoe","37.7","16","183","3075","female"
"Adelie","Biscoe","37.8","20","190","4250","male"
"Adelie","Biscoe","37.9","18.6","193","2925","female"
"Adelie","Biscoe","39.7","18.9","184","3550","male"
"Adelie","Biscoe","38.6","17.2","199","3750","female"
"Adelie","Biscoe","38.2","20","190","3900","male"
"Adelie","Biscoe","38.1","17","181","3175","female"
"Adelie","Biscoe","43.2","19","197","4775","male"
"Adelie","Biscoe","38.1","16.5","198","3825","female"
"Adelie","Biscoe","45.6","20.3","191","4600","male"
"Adelie","Biscoe","39.7","17.7","193","3200","female"
"Adelie","Biscoe","42.2","19.5","197","4275","male"
"Adelie","Biscoe","39.6","20.7","191","3900","female"
"Adelie","Biscoe","42.7","18.3","196","4075","male"
"Adelie","Torgersen","38.6","17","188","2900","female"
"Adelie","Torgersen","37.3","20.5","199","3775","male"
"Adelie","Torgersen","35.7","17","189","3350","female"
"Adelie","Torgersen","41.1","18.6","189","3325","male"
"Adelie","Torgersen","36.2","17.2","187","3150","female"
"Adelie","Torgersen","37.7","19.8","198","3500","male"
"Adelie","Torgersen","40.2","17","176","3450","female"
"Adelie","Torgersen","41.4","18.5","202","3875","male"
"Adelie","Torgersen","35.2","15.9","186","3050","female"
"Adelie","Torgersen","40.6","19","199","4000","male"
"Adelie","Torgersen","38.8","17.6","191","3275","female"
"Adelie","Torgersen","41.5","18.3","195","4300","male"
"Adelie","Torgersen","39","17.1","191","3050","female"
"Adelie","Torgersen","44.1","18","210","4000","male"
"Adelie","Torgersen","38.5","17.9","190","3325","female"
"Adelie","Torgersen","43.1","19.2","197","3500","male"
"Adelie","Dream","36.8","18.5","193","3500","female"
"Adelie","Dream","37.5","18.5","199","4475","male"
"Adelie","Dream","38.1","17.6","187","3425","female"
"Adelie","Dream","41.1","17.5","190","3900","male"
"Adelie","Dream","35.6","17.5","191","3175","female"
"Adelie","Dream","40.2","20.1","200","3975","male"
"Adelie","Dream","37","16.5","185","3400","female"
"Adelie","Dream","39.7","17.9","193","4250","male"
"Adelie","Dream","40.2","17.1","193","3400","female"
"Adelie","Dream","40.6","17.2","187","3475","male"
"Adelie","Dream","32.1","15.5","188","3050","female"
"Adelie","Dream","40.7","17","190","3725","male"
"Adelie","Dream","37.3","16.8","192","3000","female"
"Adelie","Dream","39","18.7","185","3650","male"
"Adelie","Dream","39.2","18.6","190","4250","male"
"Adelie","Dream","36.6","18.4","184","3475","female"
"Adelie","Dream","36","17.8","195","3450","female"
"Adelie","Dream","37.8","18.1","193","3750","male"
"Adelie","Dream","36","17.1","187","3700","female"
"Adelie","Dream","41.5","18.5","201","4000","male"
"Gentoo","Biscoe","46.1","13.2","211","4500","female"
"Gentoo","Biscoe","50","16.3","230","5700","male"
"Gentoo","Biscoe","48.7","14.1","210","4450","female"
"Gentoo","Biscoe","50","15.2","218","5700","male"
"Gentoo","Biscoe","47.6","14.5","215","5400","male"
"Gentoo","Biscoe","46.5","13.5","210","4550","female"
"Gentoo","Biscoe","45.4","14.6","211","4800","female"
"Gentoo","Biscoe","46.7","15.3","219","5200","male"
"Gentoo","Biscoe","43.3","13.4","209","4400","female"
"Gentoo","Biscoe","46.8","15.4","215","5150","male"
"Gentoo","Biscoe","40.9","13.7","214","4650","female"
"Gentoo","Biscoe","49","16.1","216","5550","male"
"Gentoo","Biscoe","45.5","13.7","214","4650","female"
"Gentoo","Biscoe","48.4","14.6","213","5850","male"
"Gentoo","Biscoe","45.8","14.6","210","4200","female"
"Gentoo","Biscoe","49.3","15.7","217","5850","male"
"Gentoo","Biscoe","42","13.5","210","4150","female"
"Gentoo","Biscoe","49.2","15.2","221","6300","male"
"Gentoo","Biscoe","46.2","14.5","209","4800","female"
"Gentoo","Biscoe","48.7","15.1","222","5350","male"
"Gentoo","Biscoe","50.2","14.3","218","5700","male"
"Gentoo","Biscoe","45.1","14.5","215","5000","female"
"Gentoo","Biscoe","46.5","14.5","213","4400","female"
"Gentoo","Biscoe","46.3","15.8","215","5050","male"
"Gentoo","Biscoe","42.9","13.1","215","5000","female"
"Gentoo","Biscoe","46.1","15.1","215","5100","male"
"Gentoo","Biscoe","47.8","15","215","5650","male"
"Gentoo","Biscoe","48.2","14.3","210","4600","female"
"Gentoo","Biscoe","50","15.3","220","5550","male"
"Gentoo","Biscoe","47.3","15.3","222","5250","male"
"Gentoo","Biscoe","42.8","14.2","209","4700","female"
"Gentoo","Biscoe","45.1","14.5","207","5050","female"
"Gentoo","Biscoe","59.6","17","230","6050","male"
"Gentoo","Biscoe","49.1","14.8","220","5150","female"
"Gentoo","Biscoe","48.4","16.3","220","5400","male"
"Gentoo","Biscoe","42.6","13.7","213","4950","female"
"Gentoo","Biscoe","44.4","17.3","219","5250","male"
"Gentoo","Biscoe","44","13.6","208","4350","female"
"Gentoo","Biscoe","48.7","15.7","208","5350","male"
"Gentoo","Biscoe","42.7","13.7","208","3950","female"
"Gentoo","Biscoe","49.6","16","225","5700","male"
"Gentoo","Biscoe","45.3","13.7","210","4300","female"
"Gentoo","Biscoe","49.6","15","216","4750","male"
"Gentoo","Biscoe","50.5","15.9","222","5550","male"
"Gentoo","Biscoe","43.6","13.9","217","4900","female"
"Gentoo","Biscoe","45.5","13.9","210","4200","female"
"Gentoo","Biscoe","50.5","15.9","225","5400","male"
"Gentoo","Biscoe","44.9","13.3","213","5100","female"
"Gentoo","Biscoe","45.2","15.8","215","5300","male"
"Gentoo","Biscoe","46.6","14.2","210","4850","female"
"Gentoo","Biscoe","48.5","14.1","220","5300","male"
"Gentoo","Biscoe","45.1","14.4","210","4400","female"
"Gentoo","Biscoe","50.1","15","225","5000","male"
"Gentoo","Biscoe","46.5","14.4","217","4900","female"
"Gentoo","Biscoe","45","15.4","220","5050","male"
"Gentoo","Biscoe","43.8","13.9","208","4300","female"
"Gentoo","Biscoe","45.5","15","220","5000","male"
"Gentoo","Biscoe","43.2","14.5","208","4450","female"
"Gentoo","Biscoe","50.4","15.3","224","5550","male"
"Gentoo","Biscoe","45.3","13.8","208","4200","female"
"Gentoo","Biscoe","46.2","14.9","221","5300","male"
"Gentoo","Biscoe","45.7","13.9","214","4400","female"
"Gentoo","Biscoe","54.3","15.7","231","5650","male"
"Gentoo","Biscoe","45.8","14.2","219","4700","female"
"Gentoo","Biscoe","49.8","16.8","230","5700","male"
"Gentoo","Biscoe","49.5","16.2","229","5800","male"
"Gentoo","Biscoe","43.5","14.2","220","4700","female"
"Gentoo","Biscoe","50.7","15","223","5550","male"
"Gentoo","Biscoe","47.7","15","216","4750","female"
"Gentoo","Biscoe","46.4","15.6","221","5000","male"
"Gentoo","Biscoe","48.2","15.6","221","5100","male"
"Gentoo","Biscoe","46.5","14.8","217","5200","female"
"Gentoo","Biscoe","46.4","15","216","4700","female"
"Gentoo","Biscoe","48.6","16","230","5800","male"
"Gentoo","Biscoe","47.5","14.2","209","4600","female"
"Gentoo","Biscoe","51.1","16.3","220","6000","male"
"Gentoo","Biscoe","45.2","13.8","215","4750","female"
"Gentoo","Biscoe","45.2","16.4","223","5950","male"
"Gentoo","Biscoe","49.1","14.5","212","4625","female"
"Gentoo","Biscoe","52.5","15.6","221","5450","male"
"Gentoo","Biscoe","47.4","14.6","212","4725","female"
"Gentoo","Biscoe","50","15.9","224","5350","male"
"Gentoo","Biscoe","44.9","13.8","212","4750","female"
"Gentoo","Biscoe","50.8","17.3","228","5600","male"
"Gentoo","Biscoe","43.4","14.4","218","4600","female"
"Gentoo","Biscoe","51.3","14.2","218","5300","male"
"Gentoo","Biscoe","47.5","14","212","4875","female"
"Gentoo","Biscoe","52.1","17","230","5550","male"
"Gentoo","Biscoe","47.5","15","218","4950","female"
"Gentoo","Biscoe","52.2","17.1","228","5400","male"
"Gentoo","Biscoe","45.5","14.5","212","4750","female"
"Gentoo","Biscoe","49.5","16.1","224","5650","male"
"Gentoo","Biscoe","44.5","14.7","214","4850","female"
"Gentoo","Biscoe","50.8","15.7","226","5200","male"
"Gentoo","Biscoe","49.4","15.8","216","4925","male"
"Gentoo","Biscoe","46.9","14.6","222","4875","female"
"Gentoo","Biscoe","48.4","14.4","203","4625","female"
"Gentoo","Biscoe","51.1","16.5","225","5250","male"
"Gentoo","Biscoe","48.5","15","219","4850","female"
"Gentoo","Biscoe","55.9","17","228","5600","male"
"Gentoo","Biscoe","47.2","15.5","215","4975","female"
"Gentoo","Biscoe","49.1","15","228","5500","male"
"Gentoo","Biscoe","46.8","16.1","215","5500","male"
"Gentoo","Biscoe","41.7","14.7","210","4700","female"
"Gentoo","Biscoe","53.4","15.8","219","5500","male"
"Gentoo","Biscoe","43.3","14","208","4575","female"
"Gentoo","Biscoe","48.1","15.1","209","5500","male"
"Gentoo","Biscoe","50.5","15.2","216","5000","female"
"Gentoo","Biscoe","49.8","15.9","229","5950","male"
"Gentoo","Biscoe","43.5","15.2","213","4650","female"
"Gentoo","Biscoe","51.5","16.3","230","5500","male"
"Gentoo","Biscoe","46.2","14.1","217","4375","female"
"Gentoo","Biscoe","55.1","16","230","5850","male"
"Gentoo","Biscoe","48.8","16.2","222","6000","male"
"Gentoo","Biscoe","47.2","13.7","214","4925","female"
"Gentoo","Biscoe","46.8","14.3","215","4850","female"
"Gentoo","Biscoe","50.4","15.7","222","5750","male"
"Gentoo","Biscoe","45.2","14.8","212","5200","female"
"Gentoo","Biscoe","49.9","16.1","213","5400","male"
"Chinstrap","Dream","46.5","17.9","192","3500","female"
"Chinstrap","Dream","50","19.5","196","3900","male"
"Chinstrap","Dream","51.3","19.2","193","3650","male"
"Chinstrap","Dream","45.4","18.7","188","3525","female"
"Chinstrap","Dream","52.7","19.8","197","3725","male"
"Chinstrap","Dream","45.2","17.8","198","3950","female"
"Chinstrap","Dream","46.1","18.2","178","3250","female"
"Chinstrap","Dream","51.3","18.2","197","3750","male"
"Chinstrap","Dream","46","18.9","195","4150","female"
"Chinstrap","Dream","51.3","19.9","198","3700","male"
"Chinstrap","Dream","46.6","17.8","193","3800","female"
"Chinstrap","Dream","51.7","20.3","194","3775","male"
"Chinstrap","Dream","47","17.3","185","3700","female"
"Chinstrap","Dream","52","18.1","201","4050","male"
"Chinstrap","Dream","45.9","17.1","190","3575","female"
"Chinstrap","Dream","50.5","19.6","201","4050","male"
"Chinstrap","Dream","50.3","20","197","3300","male"
"Chinstrap","Dream","58","17.8","181","3700","female"
"Chinstrap","Dream","46.4","18.6","190","3450","female"
"Chinstrap","Dream","49.2","18.2","195","4400","male"
"Chinstrap","Dream","42.4","17.3","181","3600","female"
"Chinstrap","Dream","48.5","17.5","191","3400","male"
"Chinstrap","Dream","43.2","16.6","187","2900","female"
"Chinstrap","Dream","50.6","19.4","193","3800","male"
"Chinstrap","Dream","46.7","17.9","195","3300","female"
"Chinstrap","Dream","52","19","197","4150","male"
"Chinstrap","Dream","50.5","18.4","200","3400","female"
"Chinstrap","Dream","49.5","19","200","3800","male"
"Chinstrap","Dream","46.4","17.8","191","3700","female"
"Chinstrap","Dream","52.8","20","205","4550","male"
"Chinstrap","Dream","40.9","16.6","187","3200","female"
"Chinstrap","Dream","54.2","20.8","201","4300","male"
"Chinstrap","Dream","42.5","16.7","187","3350","female"
"Chinstrap","Dream","51","18.8","203","4100","male"
"Chinstrap","Dream","49.7","18.6","195","3600","male"
"Chinstrap","Dream","47.5","16.8","199","3900","female"
"Chinstrap","Dream","47.6","18.3","195","3850","female"
"Chinstrap","Dream","52","20.7","210","4800","male"
"Chinstrap","Dream","46.9","16.6","192","2700","female"
"Chinstrap","Dream","53.5","19.9","205","4500","male"
"Chinstrap","Dream","49","19.5","210","3950","male"
"Chinstrap","Dream","46.2","17.5","187","3650","female"
"Chinstrap","Dream","50.9","19.1","196","3550","male"
"Chinstrap","Dream","45.5","17","196","3500","female"
"Chinstrap","Dream","50.9","17.9","196","3675","female"
"Chinstrap","Dream","50.8","18.5","201","4450","male"
"Chinstrap","Dream","50.1","17.9","190","3400","female"
"Chinstrap","Dream","49","19.6","212","4300","male"
"Chinstrap","Dream","51.5","18.7","187","3250","male"
"Chinstrap","Dream","49.8","17.3","198","3675","female"
"Chinstrap","Dream","48.1","16.4","199","3325","female"
"Chinstrap","Dream","51.4","19","201","3950","male"
"Chinstrap","Dream","45.7","17.3","193","3600","female"
"Chinstrap","Dream","50.7","19.7","203","4050","male"
"Chinstrap","Dream","42.5","17.3","187","3350","female"
"Chinstrap","Dream","52.2","18.8","197","3450","male"
"Chinstrap","Dream","45.2","16.6","191","3250","female"
"Chinstrap","Dream","49.3","19.9","203","4050","male"
"Chinstrap","Dream","50.2","18.8","202","3800","male"
"Chinstrap","Dream","45.6","19.4","194","3525","female"
"Chinstrap","Dream","51.9","19.5","206","3950","male"
"Chinstrap","Dream","46.8","16.5","189","3650","female"
"Chinstrap","Dream","45.7","17","195","3650","female"
"Chinstrap","Dream","55.8","19.8","207","4000","male"
"Chinstrap","Dream","43.5","18.1","202","3400","female"
"Chinstrap","Dream","49.6","18.2","193","3775","male"
"Chinstrap","Dream","50.8","19","210","4100","male"
"Chinstrap","Dream","50.2","18.7","198","3775","female"
"Adelie","Torgersen","39.09375426","18.67275607","181.2654097","3748.086962","male"
"Adelie","Torgersen","39.49265057","17.40332377","186.1391893","3807.083172","female"
"Adelie","Torgersen","40.29644593","18.02861874","194.756113","3249.008279","female"
"Adelie","Torgersen","36.71225219","19.29736433","192.7665796","3432.731164","female"
"Adelie","Torgersen","39.33674105","20.59183533","190.0061779","3647.171693","male"
"Adelie","Torgersen","38.92232713","17.81842335","181.1292688","3614.225012","female"
"Adelie","Torgersen","39.10413664","19.5745564","195.0370265","4682.991","male"
"Adelie","Torgersen","41.13294891","17.56074242","181.9992802","3190.26029","female"
"Adelie","Torgersen","38.58627881","21.1849495","191.108818","3787.53823","male"
"Adelie","Torgersen","34.50108041","21.10376794","198.2445777","4408.289992","male"
"Adelie","Torgersen","36.54612545","17.80576755","184.7999085","3691.000032","female"
"Adelie","Torgersen","38.66175755","18.99916285","194.948869","3453.029149","female"
"Adelie","Torgersen","42.51365187","20.75386298","196.9399205","4505.781197","male"
"Adelie","Torgersen","34.38016488","18.38373709","184.1031876","3324.790454","female"
"Adelie","Torgersen","45.87042","21.51567673","193.9299489","4203.864311","male"
"Adelie","Biscoe","37.78645129","18.30639391","173.8696317","3405.993355","female"
"Adelie","Biscoe","37.65494456","18.67198573","179.9145607","3595.79792","male"
"Adelie","Biscoe","35.85191989","19.19757493","189.1795313","3802.484887","female"
"Adelie","Biscoe","38.23259754","18.08197626","184.8367784","3945.708689","male"
"Adelie","Biscoe","38.73145567","17.18352228","179.9266129","3806.946824","male"
"Adelie","Biscoe","35.38796022","18.91413929","186.9644707","3811.239812","female"
"Adelie","Biscoe","40.5963208","18.603133","182.9065192","3557.294307","male"
"Adelie","Biscoe","40.44112958","17.91325031","187.1031445","3209.987823","female"
"Adelie","Biscoe","37.91204317","18.60055221","172.0712119","3152.816914","female"
"Adelie","Biscoe","40.57841915","18.92337152","179.9561522","3949.034204","male"
"Adelie","Dream","39.56637972","16.70420841","177.8510245","3252.086074","female"
"Adelie","Dream","37.28878272","18.0648401","178.0863752","3899.54842","male"
"Adelie","Dream","39.43711188","17.78181917","187.91832","3307.95781","female"
"Adelie","Dream","40.8672636","18.90230832","183.9436784","3895.264046","male"
"Adelie","Dream","36.42128797","16.98438271","195.0654655","3308.451347","female"
"Adelie","Dream","39.05581333","21.10604147","195.8022315","4143.70023","male"
"Adelie","Dream","38.79051934","20.02041039","189.9332468","3954.611023","male"
"Adelie","Dream","42.22082491","18.49781572","180.2451186","3563.834557","female"
"Adelie","Dream","37.56971526","19.32179074","180.9782186","3302.556969","female"
"Adelie","Dream","39.80402978","19.11580326","184.0738682","4637.318104","male"
"Adelie","Dream","36.41179994","18.01636387","181.7724384","3147.129891","female"
"Adelie","Dream","40.76453608","18.39270527","194.9936546","3898.021835","male"
"Adelie","Dream","35.98027612","18.51098788","186.1659658","3099.942584","female"
"Adelie","Dream","44.10867086","19.71425722","195.925788","4407.550949","male"
"Adelie","Dream","36.9287992","16.91018287","184.9676357","3002.924993","female"
"Adelie","Dream","39.5142313","18.78994743","190.014416","4594.11786","male"
"Adelie","Dream","41.14544656","18.98088801","181.9448203","3426.709902","male"
"Adelie","Dream","35.90248666","17.88815014","190.1727891","3452.37682","female"
"Adelie","Dream","42.28848139","21.22286837","191.0228384","4139.982441","male"
"Adelie","Biscoe","39.53910121","17.6822216","185.8945958","3498.796102","female"
"Adelie","Biscoe","40.13298773","18.89364067","187.9816544","4299.69325","male"
"Adelie","Biscoe","34.86086788","17.91729078","190.0829935","3466.066319","female"
"Adelie","Biscoe","42.02326678","19.52344546","200.0447989","4045.683196","male"
"Adelie","Biscoe","34.52093618","18.08402422","187.0976695","2885.005934","female"
"Adelie","Biscoe","41.43164375","18.60747528","191.1504675","3704.644296","male"
"Adelie","Biscoe","39.01099512","17.5004775","185.8435232","3545.005448","female"
"Adelie","Biscoe","40.55696488","18.82077934","192.9656664","3802.554328","male"
"Adelie","Biscoe","36.51215878","16.6108822","180.8684707","2845.535783","female"
"Adelie","Biscoe","37.59125374","19.0760395","194.0849008","3750.081586","male"
"Adelie","Biscoe","35.78261753","16.88375924","184.9348946","3150.229621","female"
"Adelie","Biscoe","41.32885306","21.08242153","195.3268881","4407.428422","male"
"Adelie","Biscoe","37.62110804","16.98277315","184.9847177","3591.857195","female"
"Adelie","Biscoe","41.18306526","18.21254328","191.9077274","4056.270032","male"
"Adelie","Biscoe","36.36358561","17.09620161","183.9171789","2850.849322","female"
"Adelie","Biscoe","41.65177852","18.01478299","192.0009445","3941.861377","male"
"Adelie","Biscoe","35.54095808","16.18163359","194.788299","3342.092705","female"
"Adelie","Biscoe","41.01681004","19.08030393","188.093779","4102.381288","male"
"Adelie","Torgersen","35.87734867","16.59845414","189.7984829","3056.257763","female"
"Adelie","Torgersen","41.81893776","19.35316765","198.0720457","4449.181925","male"
"Adelie","Torgersen","33.49114242","18.98072309","190.1226015","3606.369168","female"
"Adelie","Torgersen","39.71068215","18.37901272","189.8997088","3911.500176","male"
"Adelie","Torgersen","39.55060947","17.17435024","196.2152704","3550.235449","female"
"Adelie","Torgersen","45.82266125","18.86893782","197.1768107","4142.828296","male"
"Adelie","Torgersen","35.54533411","17.52433696","189.8889551","3698.615693","female"
"Adelie","Torgersen","42.85322463","18.49495475","195.11331","4249.119402","male"
"Adelie","Torgersen","41.00695431","16.776205","190.9127036","3688.368344","female"
"Adelie","Torgersen","37.13138101","19.42414538","184.0825486","3901.604725","male"
"Adelie","Torgersen","36.13213495","16.0821571","186.8607829","3566.926561","female"
"Adelie","Torgersen","42.10343361","19.13006367","194.9619936","4007.71844","male"
"Adelie","Torgersen","34.54107106","17.208705","188.9242506","3200.475789","female"
"Adelie","Torgersen","42.9140383","17.57246591","195.921122","4700.641203","male"
"Adelie","Torgersen","36.66961685","18.82052832","186.9587924","3797.729427","female"
"Adelie","Torgersen","35.14450322","19.42421025","193.0969237","4210.76408","male"
"Adelie","Dream","37.21652892","17.77977342","190.8474773","3356.968381","female"
"Adelie","Dream","41.19142181","20.32183893","194.1644995","3540.684728","male"
"Adelie","Dream","36.31884235","19.45745382","190.2039351","3810.390774","male"
"Adelie","Dream","36.90084241","18.61321678","188.798106","3509.212912","female"
"Adelie","Dream","38.28348894","19.1856093","189.328185","3960.052787","male"
"Adelie","Dream","38.81446433","18.78840658","190.1431771","3606.745742","female"
"Adelie","Dream","35.72764494","18.00880829","201.6860464","3562.85163","female"
"Adelie","Dream","41.07624358","18.13171652","204.8804215","4302.63789","male"
"Adelie","Dream","33.97865922","17.09951553","185.1470764","3391.705742","female"
"Adelie","Dream","39.509619","18.10867811","186.2553817","4440.992496","male"
"Adelie","Dream","36.19870913","17.29018707","186.8934873","3295.4149","female"
"Adelie","Dream","40.79338677","18.89259213","208.0431815","4289.193917","male"
"Adelie","Dream","38.08072861","18.58927804","190.1682775","3699.558392","female"
"Adelie","Dream","40.22035097","18.51157666","196.1633948","4335.703683","male"
"Adelie","Dream","33.06099174","16.09516438","178.0703152","2900.513615","female"
"Adelie","Dream","43.12238715","18.5234062","191.9892497","4098.615306","male"
"Adelie","Biscoe","35.07536151","17.89913886","192.0753576","3723.495902","female"
"Adelie","Biscoe","41.03092777","20.0293827","202.9723157","4713.002915","male"
"Adelie","Biscoe","37.74320629","16.01942418","183.0422047","3086.91123","female"
"Adelie","Biscoe","37.76092271","20.00909675","190.0460529","4252.555063","male"
"Adelie","Biscoe","37.93484747","18.60997719","193.2399232","2926.609487","female"
"Adelie","Biscoe","39.66450892","18.89829202","183.9628885","3550.57337","male"
"Adelie","Biscoe","38.58365541","17.16644308","198.7528085","3753.911276","female"
"Adelie","Biscoe","38.23638316","19.96500648","189.9787393","3902.140791","male"
"Adelie","Biscoe","37.96799047","17.01873624","180.8978932","3161.8722","female"
"Adelie","Biscoe","43.21529363","19.01667349","196.8232485","4773.435279","male"
"Adelie","Biscoe","38.11494702","16.50193464","197.8789305","3825.676888","female"
"Adelie","Biscoe","45.54485939","20.28592277","191.0247268","4593.346921","male"
"Adelie","Biscoe","39.75521924","17.69574639","192.9141473","3215.560384","female"
"Adelie","Biscoe","42.19991594","19.5251616","197.1290435","4285.007976","male"
"Adelie","Biscoe","39.69140725","20.68281237","191.1940815","3897.711196","female"
"Adelie","Biscoe","42.6927549","18.27829219","196.0173863","4073.648892","male"
"Adelie","Torgersen","38.49441401","16.98037281","187.7975637","2906.670415","female"
"Adelie","Torgersen","37.2340752","20.4901241","199.0832","3763.549781","male"
"Adelie","Torgersen","35.74883137","17.02692232","189.1633194","3361.704461","female"
"Adelie","Torgersen","40.98042379","18.5996956","188.7811234","3332.013829","male"
"Adelie","Torgersen","36.29233066","17.18883054","186.7512209","3158.590375","female"
"Adelie","Torgersen","37.66590106","19.80283859","197.7204097","3495.16236","male"
"Adelie","Torgersen","40.16469783","17.0109585","175.9779338","3454.67363","female"
"Adelie","Torgersen","41.36417337","18.49480176","201.9657906","3863.723513","male"
"Adelie","Torgersen","35.16248089","15.88273829","186.086793","3048.109539","female"
"Adelie","Torgersen","40.57870308","19.00820543","198.9646941","3995.960927","male"
"Adelie","Torgersen","38.91145795","17.58014697","191.0529479","3270.021875","female"
"Adelie","Torgersen","41.48450279","18.2991721","195.0420285","4294.247673","male"
"Adelie","Torgersen","38.96953176","17.11297707","191.183866","3040.680264","female"
"Adelie","Torgersen","44.04522745","17.99541923","210.1687403","4008.985955","male"
"Adelie","Torgersen","38.55805003","17.91924231","190.0018148","3321.93332","female"
"Adelie","Torgersen","43.23155379","19.19417147","196.9725596","3498.014679","male"
"Adelie","Dream","36.70473227","18.50892318","192.9192179","3496.306068","female"
"Adelie","Dream","37.4927022","18.51969475","198.94973","4473.136623","male"
"Adelie","Dream","38.10792738","17.63196611","187.0226196","3426.743293","female"
"Adelie","Dream","41.08685216","17.48538624","190.0824658","3900.758037","male"
"Adelie","Dream","35.66370332","17.50781771","191.0860461","3182.225328","female"
"Adelie","Dream","40.23339968","20.09835817","200.2860425","3968.40685","male"
"Adelie","Dream","37.09021854","16.52102047","185.0773221","3388.429592","female"
"Adelie","Dream","39.69546651","17.8856174","192.9328982","4256.195729","male"
"Adelie","Dream","40.23134414","17.10032192","193.1430209","3408.067763","female"
"Adelie","Dream","40.50473862","17.20695037","187.2407","3473.080571","male"
"Adelie","Dream","32.10800494","15.52310506","187.7287151","3040.544017","female"
"Adelie","Dream","40.62923076","16.99568483","190.0165926","3722.100314","male"
"Adelie","Dream","37.34783277","16.78901833","192.0001648","3002.807818","female"
"Adelie","Dream","39.09695412","18.74205842","184.9346289","3637.644736","male"
"Adelie","Dream","39.10863241","18.60869776","190.0486573","4241.272407","male"
"Adelie","Dream","36.64875646","18.38012697","183.7591511","3472.913872","female"
"Adelie","Dream","35.9545947","17.79116256","194.8205785","3460.757309","female"
"Adelie","Dream","37.703888","18.0789353","192.6605292","3756.906193","male"
"Adelie","Dream","36.0560297","17.09555959","187.0775277","3703.851349","female"
"Adelie","Dream","41.54169042","18.51923223","201.174598","3985.937348","male"
"Gentoo","Biscoe","46.05978654","13.20168008","211.0481698","4500.50792","female"
"Gentoo","Biscoe","49.95057962","16.29115536","229.6576453","5691.99168","male"
"Gentoo","Biscoe","48.70452317","14.10584379","209.8390395","4466.181786","female"
"Gentoo","Biscoe","50.04958461","15.19199877","218.180072","5694.347197","male"
"Gentoo","Biscoe","47.60168978","14.47043693","214.9232127","5396.433916","male"
"Gentoo","Biscoe","46.46978592","13.49543201","209.873714","4555.718169","female"
"Gentoo","Biscoe","45.3788697","14.62029868","210.8345607","4784.595489","female"
"Gentoo","Biscoe","46.69526014","15.29962453","219.282305","5208.863511","male"
"Gentoo","Biscoe","43.36078162","13.42305477","209.0286658","4397.634017","female"
"Gentoo","Biscoe","46.89500836","15.40449903","215.057501","5159.595839","male"
"Gentoo","Biscoe","40.83598284","13.69144008","214.0624265","4648.910686","female"
"Gentoo","Biscoe","48.97633238","16.12465206","215.9275711","5548.269101","male"
"Gentoo","Biscoe","45.43078083","13.73422583","213.9042935","4651.294102","female"
"Gentoo","Biscoe","48.42273486","14.57585626","213.1077847","5831.40073","male"
"Gentoo","Biscoe","45.88199385","14.61460041","209.8254263","4200.544678","female"
"Gentoo","Biscoe","49.25129755","15.70867562","216.8987253","5840.339658","male"
"Gentoo","Biscoe","41.89857717","13.50789172","209.8840624","4147.899949","female"
"Gentoo","Biscoe","49.13428312","15.19150489","221.1390442","6294.232285","male"
"Gentoo","Biscoe","46.17875106","14.52471556","208.9722815","4813.392233","female"
"Gentoo","Biscoe","48.74807948","15.09505895","222.029134","5340.321504","male"
"Gentoo","Biscoe","50.21728165","14.29498526","217.9206824","5702.827246","male"
"Gentoo","Biscoe","45.03526253","14.5082751","214.9738917","4996.969117","female"
"Gentoo","Biscoe","46.5211206","14.49486671","212.9695023","4395.781624","female"
"Gentoo","Biscoe","46.31658191","15.815042","215.0424932","5054.225063","male"
"Gentoo","Biscoe","42.95649056","13.08603432","215.2417343","5012.208167","female"
"Gentoo","Biscoe","46.02480211","15.09296051","214.5941675","5097.582882","male"
"Gentoo","Biscoe","47.80498761","15.01762822","215.1295318","5646.357886","male"
"Gentoo","Biscoe","48.2010137","14.29637453","210.0607432","4593.916774","female"
"Gentoo","Biscoe","50.06948198","15.3162329","220.0753848","5543.689604","male"
"Gentoo","Biscoe","47.17644866","15.32798888","222.1433755","5257.154496","male"
"Gentoo","Biscoe","42.78793531","14.17560208","209.0589163","4680.793182","female"
"Gentoo","Biscoe","45.10098914","14.49941518","207.0499916","5050.961882","female"
"Gentoo","Biscoe","59.55645219","17.01453039","230.0515514","6066.69348","male"
"Gentoo","Biscoe","49.11732636","14.79858353","219.8241314","5145.699031","female"
"Gentoo","Biscoe","48.34875385","16.26160602","219.8789844","5396.611932","male"
"Gentoo","Biscoe","42.5655728","13.6909997","212.8900346","4931.835247","female"
"Gentoo","Biscoe","44.41386058","17.3011712","219.1938818","5258.073554","male"
"Gentoo","Biscoe","43.91680093","13.61283181","208.0322187","4345.209251","female"
"Gentoo","Biscoe","48.69114485","15.72379454","208.0760849","5355.718096","male"
"Gentoo","Biscoe","42.70416094","13.68787264","207.9639509","3964.914036","female"
"Gentoo","Biscoe","49.6755465","15.96781317","225.0257761","5697.347974","male"
"Gentoo","Biscoe","45.35536092","13.6723407","209.741721","4304.200242","female"
"Gentoo","Biscoe","49.54937048","14.98908353","215.6302343","4746.708431","male"
"Gentoo","Biscoe","50.54589438","15.88811352","222.0273634","5549.201777","male"
"Gentoo","Biscoe","43.63812339","13.88937895","216.8852462","4892.720705","female"
"Gentoo","Biscoe","45.44219066","13.93166245","210.0891507","4201.402032","female"
"Gentoo","Biscoe","50.54060593","15.94970246","224.8777773","5407.432727","male"
"Gentoo","Biscoe","44.83010128","13.31610717","213.0178157","5100.788467","female"
"Gentoo","Biscoe","45.1287033","15.7761982","214.9655463","5300.074253","male"
"Gentoo","Biscoe","46.59610505","14.20369634","210.1145517","4839.353071","female"
"Gentoo","Biscoe","48.53125708","14.10533175","219.8511059","5321.830314","male"
"Gentoo","Biscoe","45.18142126","14.40860731","210.1029063","4402.138398","female"
"Gentoo","Biscoe","50.16041123","15.02343957","225.1892437","4990.513823","male"
"Gentoo","Biscoe","46.5548501","14.42545642","216.9089593","4893.774938","female"
"Gentoo","Biscoe","45.12950187","15.41585408","220.135817","5039.30625","male"
"Gentoo","Biscoe","43.80704424","13.91773942","207.8091816","4291.791587","female"
"Gentoo","Biscoe","45.53592942","15.01804857","220.0877778","5004.859852","male"
"Gentoo","Biscoe","43.25214604","14.4613143","208.1410396","4441.762868","female"
"Gentoo","Biscoe","50.38034317","15.27280789","224.1838081","5553.675297","male"
"Gentoo","Biscoe","45.27463645","13.79231176","208.1803234","4206.056672","female"
"Gentoo","Biscoe","46.32848452","14.87707531","220.8334666","5286.954316","male"
"Gentoo","Biscoe","45.76646166","13.90660997","213.9646422","4403.376624","female"
"Gentoo","Biscoe","54.3015738","15.69528193","231.092148","5663.566614","male"
"Gentoo","Biscoe","45.77602815","14.19111232","219.1000984","4705.016586","female"
"Gentoo","Biscoe","49.75264786","16.76171382","230.1962634","5699.379316","male"
"Gentoo","Biscoe","49.39136792","16.2095201","229.0814314","5798.780469","male"
"Gentoo","Biscoe","43.4698365","14.20949204","220.2235411","4705.13517","female"
"Gentoo","Biscoe","50.68272294","15.01512778","222.8724201","5542.727183","male"
"Gentoo","Biscoe","47.71058899","15.01807915","216.137897","4750.488531","female"
"Gentoo","Biscoe","46.47457564","15.61765443","221.0515815","5005.377012","male"
"Gentoo","Biscoe","48.09772988","15.60581009","220.9846558","5098.212566","male"
"Gentoo","Biscoe","46.38558032","14.78588997","217.028801","5192.336762","female"
"Gentoo","Biscoe","46.38582963","14.98711962","216.3131393","4709.951729","female"
"Gentoo","Biscoe","48.57092963","15.98672232","230.0315816","5792.689657","male"
"Gentoo","Biscoe","47.51927305","14.24397025","208.8069904","4594.650534","female"
"Gentoo","Biscoe","51.10960906","16.31987672","219.6802895","6004.030215","male"
"Gentoo","Biscoe","45.14442133","13.83014013","214.9216252","4761.357715","female"
"Gentoo","Biscoe","45.1062201","16.38150242","223.1325196","5942.02454","male"
"Gentoo","Biscoe","49.24427282","14.47857706","212.1345885","4617.898533","female"
"Gentoo","Biscoe","52.59794895","15.57220796","221.0259778","5443.335525","male"
"Gentoo","Biscoe","47.38843138","14.57772171","211.8210121","4730.449575","female"
"Gentoo","Biscoe","49.99735929","15.89824825","224.1544761","5343.629532","male"
"Gentoo","Biscoe","45.00934173","13.81968707","212.0573844","4750.656777","female"
"Gentoo","Biscoe","50.76163734","17.3190243","228.0065291","5600.24463","male"
"Gentoo","Biscoe","43.34509084","14.4091791","217.8924139","4600.526152","female"
"Gentoo","Biscoe","51.31944774","14.22281508","217.8622725","5304.120185","male"
"Gentoo","Biscoe","47.5432363","13.98306446","212.0395446","4883.68706","female"
"Gentoo","Biscoe","52.07536318","16.99996148","230.0138206","5563.472823","male"
"Gentoo","Biscoe","47.51681219","15.00732873","217.8546974","4944.557047","female"
"Gentoo","Biscoe","52.20289257","17.08136682","227.9995611","5396.381174","male"
"Gentoo","Biscoe","45.55184326","14.4857428","211.9748653","4741.144661","female"
"Gentoo","Biscoe","49.50858303","16.10638796","223.9414439","5643.487172","male"
"Gentoo","Biscoe","44.48729178","14.70841022","213.9445649","4855.552094","female"
"Gentoo","Biscoe","50.79047485","15.68831619","225.8995749","5194.764872","male"
"Gentoo","Biscoe","49.45290551","15.77228457","215.8714617","4915.935948","male"
"Gentoo","Biscoe","46.94762847","14.55970377","221.8589463","4872.865077","female"
"Gentoo","Biscoe","48.404301","14.39996413","203.0562529","4627.212102","female"
"Gentoo","Biscoe","51.09859436","16.51594953","224.8314869","5250.242139","male"
"Gentoo","Biscoe","48.49456911","15.01012017","218.9744726","4850.58689","female"
"Gentoo","Biscoe","55.916965","16.99207529","227.8863168","5606.027375","male"
"Gentoo","Biscoe","47.14586936","15.5297375","214.966276","4970.279418","female"
"Gentoo","Biscoe","49.03434293","14.96916108","227.9703087","5492.702236","male"
"Gentoo","Biscoe","46.84551328","16.11629471","215.100417","5508.349342","male"
"Gentoo","Biscoe","41.75725348","14.71555982","210.0076393","4708.010121","female"
"Gentoo","Biscoe","53.43102461","15.82152994","219.1016051","5493.950178","male"
"Gentoo","Biscoe","43.23138458","13.99055257","208.0287984","4569.536466","female"
"Gentoo","Biscoe","48.05939915","15.08811127","208.9245883","5502.304198","male"
"Gentoo","Biscoe","50.58440113","15.20433651","215.8216657","5002.099806","female"
"Gentoo","Biscoe","49.87568272","15.91209564","229.0494735","5955.901495","male"
"Gentoo","Biscoe","43.49121734","15.16772604","213.1132871","4658.2458","female"
"Gentoo","Biscoe","51.51947265","16.328193","230.1678898","5504.378472","male"
"Gentoo","Biscoe","46.22488197","14.11416435","217.0968018","4376.427727","female"
"Gentoo","Biscoe","55.00198699","15.99544751","229.8733568","5839.737955","male"
"Gentoo","Biscoe","48.73394667","16.14972258","221.9405419","6002.247811","male"
"Gentoo","Biscoe","47.2481452","13.69293351","213.9194736","4931.795043","female"
"Gentoo","Biscoe","46.74274613","14.31463341","215.0968649","4849.943904","female"
"Gentoo","Biscoe","50.37627595","15.70717294","222.1483944","5751.371872","male"
"Gentoo","Biscoe","45.16370706","14.81513618","212.3174653","5184.217819","female"
"Gentoo","Biscoe","49.90045809","16.09635398","212.8760293","5394.814323","male"
"Chinstrap","Dream","46.51939039","17.8961481","192.0982589","3518.167887","female"
"Chinstrap","Dream","49.9583942","19.47781423","195.8151466","3920.03136","male"
"Chinstrap","Dream","51.28818507","19.20052217","193.1196349","3642.673793","male"
"Chinstrap","Dream","45.37072451","18.71427658","187.7417758","3526.140024","female"
"Chinstrap","Dream","52.73772053","19.80961496","197.2742196","3726.430257","male"
"Chinstrap","Dream","45.27679429","17.80703433","198.0186791","3948.20654","female"
"Chinstrap","Dream","46.09649999","18.18209","178.1253809","3247.021443","female"
"Chinstrap","Dream","51.27198296","18.2011781","196.9386678","3748.108824","male"
"Chinstrap","Dream","46.03736925","18.87728819","195.0586943","4140.740633","female"
"Chinstrap","Dream","51.35032562","19.87316773","198.1385397","3703.197859","male"
"Chinstrap","Dream","46.56339317","17.81315042","193.1228056","3791.796801","female"
"Chinstrap","Dream","51.68192886","20.31748561","193.4922822","3781.105441","male"
"Chinstrap","Dream","47.06577322","17.29165837","185.1076416","3695.0542","female"
"Chinstrap","Dream","51.99458132","18.06172795","201.0018402","4043.155565","male"
"Chinstrap","Dream","45.96454682","17.11355135","189.8307651","3577.902139","female"
"Chinstrap","Dream","50.5589802","19.62946435","200.9563833","4047.879699","male"
"Chinstrap","Dream","50.24381779","19.97348299","196.9044964","3309.280703","male"
"Chinstrap","Dream","57.91298548","17.7993343","181.0755107","3706.598302","female"
"Chinstrap","Dream","46.35637732","18.58066096","190.088163","3459.948135","female"
"Chinstrap","Dream","49.21117844","18.17344726","194.9281593","4412.263155","male"
"Chinstrap","Dream","42.33938472","17.30007738","181.1118217","3589.554738","female"
"Chinstrap","Dream","48.50972732","17.55999059","190.8646847","3406.778654","male"
"Chinstrap","Dream","43.24588969","16.59741727","187.1552504","2917.507661","female"
"Chinstrap","Dream","50.50159235","19.39282094","192.905238","3787.715063","male"
"Chinstrap","Dream","46.71164273","17.88665436","195.1167328","3290.961895","female"
"Chinstrap","Dream","52.05194043","19.00062533","196.8269223","4146.564376","male"
"Chinstrap","Dream","50.49887325","18.40366752","199.8579515","3422.09407","female"
"Chinstrap","Dream","49.55089084","18.97154","200.0580594","3782.543479","male"
"Chinstrap","Dream","46.41977493","17.83361454","190.9290602","3699.948689","female"
"Chinstrap","Dream","52.69128922","19.99211029","205.1541307","4549.019706","male"
"Chinstrap","Dream","40.88227421","16.58028735","186.8397913","3193.985702","female"
"Chinstrap","Dream","54.23474408","20.79541475","200.8874861","4307.955626","male"
"Chinstrap","Dream","42.39105458","16.6975848","187.034183","3348.795793","female"
"Chinstrap","Dream","51.09308931","18.78878129","202.805219","4103.777573","male"
"Chinstrap","Dream","49.73796447","18.573464","195.0867371","3613.68795","male"
"Chinstrap","Dream","47.41924721","16.78579866","198.879449","3907.573073","female"
"Chinstrap","Dream","47.54038154","18.32267003","195.038905","3851.641864","female"
"Chinstrap","Dream","52.01293704","20.67145854","209.8904778","4800.858482","male"
"Chinstrap","Dream","46.7878404","16.59326154","192.1337472","2685.910409","female"
"Chinstrap","Dream","53.48863546","19.88086743","205.1347654","4505.765285","male"
"Chinstrap","Dream","49.01930914","19.48734203","210.1109246","3945.666625","male"
"Chinstrap","Dream","46.1999014","17.49900469","187.0362988","3641.69873","female"
"Chinstrap","Dream","50.88543684","19.08375395","195.9589828","3551.4763","male"
"Chinstrap","Dream","45.51684877","17.00104744","195.8620441","3511.703361","female"
"Chinstrap","Dream","50.89537728","17.903996","195.7772618","3671.608009","female"
"Chinstrap","Dream","50.77410144","18.49566814","200.9489347","4446.412712","male"
"Chinstrap","Dream","50.14456556","17.95126173","190.0874037","3411.026938","female"
"Chinstrap","Dream","49.03449625","19.62164378","211.9177658","4309.979302","male"
"Chinstrap","Dream","51.54428583","18.7066257","186.9368538","3244.936201","male"
"Chinstrap","Dream","49.72715439","17.31855431","198.1169332","3680.367688","female"
"Chinstrap","Dream","48.12709157","16.43722861","198.8140244","3330.32629","female"
"Chinstrap","Dream","51.46784735","18.99466964","201.2063362","3960.844567","male"
"Chinstrap","Dream","45.70174658","17.31196334","192.9832288","3594.5851","female"
"Chinstrap","Dream","50.68000336","19.67636723","202.9098206","4047.381285","male"
"Chinstrap","Dream","42.4703761","17.28871056","187.0972733","3349.747811","female"
"Chinstrap","Dream","52.16239022","18.81055827","196.9258289","3456.382012","male"
"Chinstrap","Dream","45.25767052","16.60117763","190.8422941","3256.502243","female"
"Chinstrap","Dream","49.32801435","19.89321639","202.8754118","4049.010538","male"
"Chinstrap","Dream","50.21354531","18.7635408","201.9342195","3819.217621","male"
"Chinstrap","Dream","45.61759883","19.40482942","194.250143","3524.928862","female"
"Chinstrap","Dream","51.84971095","19.50339673","206.0738678","3946.859031","male"
"Chinstrap","Dream","46.87852101","16.47798753","188.9626199","3635.216566","female"
"Chinstrap","Dream","45.6850649","16.9847466","194.9242333","3639.894864","female"
"Chinstrap","Dream","55.79687883","19.81556727","206.9119515","4017.124576","male"
"Chinstrap","Dream","43.4695859","18.11321137","202.0472479","3415.348033","female"
"Chinstrap","Dream","49.59212673","18.20460702","192.9839758","3777.627676","male"
"Chinstrap","Dream","50.83278812","18.99332453","209.8981714","4103.380791","male"
"Chinstrap","Dream","50.27240233","18.66872656","197.941518","3779.734261","female"
"Adelie","Torgersen","39.1","18.7","181","3750","male"
"Adelie","Torgersen","39.5","17.4","186","3800","female"
"Adelie","Torgersen","40.3","18","195","3250","female"
"Adelie","Torgersen","36.7","19.3","193","3450","female"
"Adelie","Torgersen","39.3","20.6","190","3650","male"
"Adelie","Torgersen","38.9","17.8","181","3625","female"
"Adelie","Torgersen","39.2","19.6","195","4675","male"
"Adelie","Torgersen","41.1","17.6","182","3200","female"
"Adelie","Torgersen","38.6","21.2","191","3800","male"
"Adelie","Torgersen","34.6","21.1","198","4400","male"
"Adelie","Torgersen","36.6","17.8","185","3700","female"
"Adelie","Torgersen","38.7","19","195","3450","female"
"Adelie","Torgersen","42.5","20.7","197","4500","male"
"Adelie","Torgersen","34.4","18.4","184","3325","female"
"Adelie","Torgersen","46","21.5","194","4200","male"
"Adelie","Biscoe","37.8","18.3","174","3400","female"
"Adelie","Biscoe","37.7","18.7","180","3600","male"
"Adelie","Biscoe","35.9","19.2","189","3800","female"
"Adelie","Biscoe","38.2","18.1","185","3950","male"
"Adelie","Biscoe","38.8","17.2","180","3800","male"
"Adelie","Biscoe","35.3","18.9","187","3800","female"
"Adelie","Biscoe","40.6","18.6","183","3550","male"
"Adelie","Biscoe","40.5","17.9","187","3200","female"
"Adelie","Biscoe","37.9","18.6","172","3150","female"
"Adelie","Biscoe","40.5","18.9","180","3950","male"
"Adelie","Dream","39.5","16.7","178","3250","female"
"Adelie","Dream","37.2","18.1","178","3900","male"
"Adelie","Dream","39.5","17.8","188","3300","female"
"Adelie","Dream","40.9","18.9","184","3900","male"
"Adelie","Dream","36.4","17","195","3325","female"
"Adelie","Dream","39.2","21.1","196","4150","male"
"Adelie","Dream","38.8","20","190","3950","male"
"Adelie","Dream","42.2","18.5","180","3550","female"
"Adelie","Dream","37.6","19.3","181","3300","female"
"Adelie","Dream","39.8","19.1","184","4650","male"
"Adelie","Dream","36.5","18","182","3150","female"
"Adelie","Dream","40.8","18.4","195","3900","male"
"Adelie","Dream","36","18.5","186","3100","female"
"Adelie","Dream","44.1","19.7","196","4400","male"
"Adelie","Dream","37","16.9","185","3000","female"
"Adelie","Dream","39.6","18.8","190","4600","male"
"Adelie","Dream","41.1","19","182","3425","male"
"Adelie","Dream","36","17.9","190","3450","female"
"Adelie","Dream","42.3","21.2","191","4150","male"
"Adelie","Biscoe","39.6","17.7","186","3500","female"
"Adelie","Biscoe","40.1","18.9","188","4300","male"
"Adelie","Biscoe","35","17.9","190","3450","female"
"Adelie","Biscoe","42","19.5","200","4050","male"
"Adelie","Biscoe","34.5","18.1","187","2900","female"
"Adelie","Biscoe","41.4","18.6","191","3700","male"
"Adelie","Biscoe","39","17.5","186","3550","female"
"Adelie","Biscoe","40.6","18.8","193","3800","male"
"Adelie","Biscoe","36.5","16.6","181","2850","female"
"Adelie","Biscoe","37.6","19.1","194","3750","male"
"Adelie","Biscoe","35.7","16.9","185","3150","female"
"Adelie","Biscoe","41.3","21.1","195","4400","male"
"Adelie","Biscoe","37.6","17","185","3600","female"
"Adelie","Biscoe","41.1","18.2","192","4050","male"
"Adelie","Biscoe","36.4","17.1","184","2850","female"
"Adelie","Biscoe","41.6","18","192","3950","male"
"Adelie","Biscoe","35.5","16.2","195","3350","female"
"Adelie","Biscoe","41.1","19.1","188","4100","male"
"Adelie","Torgersen","35.9","16.6","190","3050","female"
"Adelie","Torgersen","41.8","19.4","198","4450","male"
"Adelie","Torgersen","33.5","19","190","3600","female"
"Adelie","Torgersen","39.7","18.4","190","3900","male"
"Adelie","Torgersen","39.6","17.2","196","3550","female"
"Adelie","Torgersen","45.8","18.9","197","4150","male"
"Adelie","Torgersen","35.5","17.5","190","3700","female"
"Adelie","Torgersen","42.8","18.5","195","4250","male"
"Adelie","Torgersen","40.9","16.8","191","3700","female"
"Adelie","Torgersen","37.2","19.4","184","3900","male"
"Adelie","Torgersen","36.2","16.1","187","3550","female"
"Adelie","Torgersen","42.1","19.1","195","4000","male"
"Adelie","Torgersen","34.6","17.2","189","3200","female"
"Adelie","Torgersen","42.9","17.6","196","4700","male"
"Adelie","Torgersen","36.7","18.8","187","3800","female"
"Adelie","Torgersen","35.1","19.4","193","4200","male"
"Adelie","Dream","37.3","17.8","191","3350","female"
"Adelie","Dream","41.3","20.3","194","3550","male"
"Adelie","Dream","36.3","19.5","190","3800","male"
"Adelie","Dream","36.9","18.6","189","3500","female"
"Adelie","Dream","38.3","19.2","189","3950","male"
"Adelie","Dream","38.9","18.8","190","3600","female"
"Adelie","Dream","35.7","18","202","3550","female"
"Adelie","Dream","41.1","18.1","205","4300","male"
"Adelie","Dream","34","17.1","185","3400","female"
"Adelie","Dream","39.6","18.1","186","4450","male"
"Adelie","Dream","36.2","17.3","187","3300","female"
"Adelie","Dream","40.8","18.9","208","4300","male"
"Adelie","Dream","38.1","18.6","190","3700","female"
"Adelie","Dream","40.3","18.5","196","4350","male"
"Adelie","Dream","33.1","16.1","178","2900","female"
"Adelie","Dream","43.2","18.5","192","4100","male"
"Adelie","Biscoe","35","17.9","192","3725","female"
"Adelie","Biscoe","41","20","203","4725","male"
"Adelie","Biscoe","37.7","16","183","3075","female"
"Adelie","Biscoe","37.8","20","190","4250","male"
"Adelie","Biscoe","37.9","18.6","193","2925","female"
"Adelie","Biscoe","39.7","18.9","184","3550","male"
"Adelie","Biscoe","38.6","17.2","199","3750","female"
"Adelie","Biscoe","38.2","20","190","3900","male"
"Adelie","Biscoe","38.1","17","181","3175","female"
"Adelie","Biscoe","43.2","19","197","4775","male"
"Adelie","Biscoe","38.1","16.5","198","3825","female"
"Adelie","Biscoe","45.6","20.3","191","4600","male"
"Adelie","Biscoe","39.7","17.7","193","3200","female"
"Adelie","Biscoe","42.2","19.5","197","4275","male"
"Adelie","Biscoe","39.6","20.7","191","3900","female"
"Adelie","Biscoe","42.7","18.3","196","4075","male"
"Adelie","Torgersen","38.6","17","188","2900","female"
"Adelie","Torgersen","37.3","20.5","199","3775","male"
"Adelie","Torgersen","35.7","17","189","3350","female"
"Adelie","Torgersen","41.1","18.6","189","3325","male"
"Adelie","Torgersen","36.2","17.2","187","3150","female"
"Adelie","Torgersen","37.7","19.8","198","3500","male"
"Adelie","Torgersen","40.2","17","176","3450","female"
"Adelie","Torgersen","41.4","18.5","202","3875","male"
"Adelie","Torgersen","35.2","15.9","186","3050","female"
"Adelie","Torgersen","40.6","19","199","4000","male"
"Adelie","Torgersen","38.8","17.6","191","3275","female"
"Adelie","Torgersen","41.5","18.3","195","4300","male"
"Adelie","Torgersen","39","17.1","191","3050","female"
"Adelie","Torgersen","44.1","18","210","4000","male"
"Adelie","Torgersen","38.5","17.9","190","3325","female"
"Adelie","Torgersen","43.1","19.2","197","3500","male"
"Adelie","Dream","36.8","18.5","193","3500","female"
"Adelie","Dream","37.5","18.5","199","4475","male"
"Adelie","Dream","38.1","17.6","187","3425","female"
"Adelie","Dream","41.1","17.5","190","3900","male"
"Adelie","Dream","35.6","17.5","191","3175","female"
"Adelie","Dream","40.2","20.1","200","3975","male"
"Adelie","Dream","37","16.5","185","3400","female"
"Adelie","Dream","39.7","17.9","193","4250","male"
"Adelie","Dream","40.2","17.1","193","3400","female"
"Adelie","Dream","40.6","17.2","187","3475","male"
"Adelie","Dream","32.1","15.5","188","3050","female"
"Adelie","Dream","40.7","17","190","3725","male"
"Adelie","Dream","37.3","16.8","192","3000","female"
"Adelie","Dream","39","18.7","185","3650","male"
"Adelie","Dream","39.2","18.6","190","4250","male"
"Adelie","Dream","36.6","18.4","184","3475","female"
"Adelie","Dream","36","17.8","195","3450","female"
"Adelie","Dream","37.8","18.1","193","3750","male"
"Adelie","Dream","36","17.1","187","3700","female"
"Adelie","Dream","41.5","18.5","201","4000","male"
"Gentoo","Biscoe","46.1","13.2","211","4500","female"
"Gentoo","Biscoe","50","16.3","230","5700","male"
"Gentoo","Biscoe","48.7","14.1","210","4450","female"
"Gentoo","Biscoe","50","15.2","218","5700","male"
"Gentoo","Biscoe","47.6","14.5","215","5400","male"
"Gentoo","Biscoe","46.5","13.5","210","4550","female"
"Gentoo","Biscoe","45.4","14.6","211","4800","female"
"Gentoo","Biscoe","46.7","15.3","219","5200","male"
"Gentoo","Biscoe","43.3","13.4","209","4400","female"
"Gentoo","Biscoe","46.8","15.4","215","5150","male"
"Gentoo","Biscoe","40.9","13.7","214","4650","female"
"Gentoo","Biscoe","49","16.1","216","5550","male"
"Gentoo","Biscoe","45.5","13.7","214","4650","female"
"Gentoo","Biscoe","48.4","14.6","213","5850","male"
"Gentoo","Biscoe","45.8","14.6","210","4200","female"
"Gentoo","Biscoe","49.3","15.7","217","5850","male"
"Gentoo","Biscoe","42","13.5","210","4150","female"
"Gentoo","Biscoe","49.2","15.2","221","6300","male"
"Gentoo","Biscoe","46.2","14.5","209","4800","female"
"Gentoo","Biscoe","48.7","15.1","222","5350","male"
"Gentoo","Biscoe","50.2","14.3","218","5700","male"
"Gentoo","Biscoe","45.1","14.5","215","5000","female"
"Gentoo","Biscoe","46.5","14.5","213","4400","female"
"Gentoo","Biscoe","46.3","15.8","215","5050","male"
"Gentoo","Biscoe","42.9","13.1","215","5000","female"
"Gentoo","Biscoe","46.1","15.1","215","5100","male"
"Gentoo","Biscoe","47.8","15","215","5650","male"
"Gentoo","Biscoe","48.2","14.3","210","4600","female"
"Gentoo","Biscoe","50","15.3","220","5550","male"
"Gentoo","Biscoe","47.3","15.3","222","5250","male"
"Gentoo","Biscoe","42.8","14.2","209","4700","female"
"Gentoo","Biscoe","45.1","14.5","207","5050","female"
"Gentoo","Biscoe","59.6","17","230","6050","male"
"Gentoo","Biscoe","49.1","14.8","220","5150","female"
"Gentoo","Biscoe","48.4","16.3","220","5400","male"
"Gentoo","Biscoe","42.6","13.7","213","4950","female"
"Gentoo","Biscoe","44.4","17.3","219","5250","male"
"Gentoo","Biscoe","44","13.6","208","4350","female"
"Gentoo","Biscoe","48.7","15.7","208","5350","male"
"Gentoo","Biscoe","42.7","13.7","208","3950","female"
"Gentoo","Biscoe","49.6","16","225","5700","male"
"Gentoo","Biscoe","45.3","13.7","210","4300","female"
"Gentoo","Biscoe","49.6","15","216","4750","male"
"Gentoo","Biscoe","50.5","15.9","222","5550","male"
"Gentoo","Biscoe","43.6","13.9","217","4900","female"
"Gentoo","Biscoe","45.5","13.9","210","4200","female"
"Gentoo","Biscoe","50.5","15.9","225","5400","male"
"Gentoo","Biscoe","44.9","13.3","213","5100","female"
"Gentoo","Biscoe","45.2","15.8","215","5300","male"
"Gentoo","Biscoe","46.6","14.2","210","4850","female"
"Gentoo","Biscoe","48.5","14.1","220","5300","male"
"Gentoo","Biscoe","45.1","14.4","210","4400","female"
"Gentoo","Biscoe","50.1","15","225","5000","male"
"Gentoo","Biscoe","46.5","14.4","217","4900","female"
"Gentoo","Biscoe","45","15.4","220","5050","male"
"Gentoo","Biscoe","43.8","13.9","208","4300","female"
"Gentoo","Biscoe","45.5","15","220","5000","male"
"Gentoo","Biscoe","43.2","14.5","208","4450","female"
"Gentoo","Biscoe","50.4","15.3","224","5550","male"
"Gentoo","Biscoe","45.3","13.8","208","4200","female"
"Gentoo","Biscoe","46.2","14.9","221","5300","male"
"Gentoo","Biscoe","45.7","13.9","214","4400","female"
"Gentoo","Biscoe","54.3","15.7","231","5650","male"
"Gentoo","Biscoe","45.8","14.2","219","4700","female"
"Gentoo","Biscoe","49.8","16.8","230","5700","male"
"Gentoo","Biscoe","49.5","16.2","229","5800","male"
"Gentoo","Biscoe","43.5","14.2","220","4700","female"
"Gentoo","Biscoe","50.7","15","223","5550","male"
"Gentoo","Biscoe","47.7","15","216","4750","female"
"Gentoo","Biscoe","46.4","15.6","221","5000","male"
"Gentoo","Biscoe","48.2","15.6","221","5100","male"
"Gentoo","Biscoe","46.5","14.8","217","5200","female"
"Gentoo","Biscoe","46.4","15","216","4700","female"
"Gentoo","Biscoe","48.6","16","230","5800","male"
"Gentoo","Biscoe","47.5","14.2","209","4600","female"
"Gentoo","Biscoe","51.1","16.3","220","6000","male"
"Gentoo","Biscoe","45.2","13.8","215","4750","female"
"Gentoo","Biscoe","45.2","16.4","223","5950","male"
"Gentoo","Biscoe","49.1","14.5","212","4625","female"
"Gentoo","Biscoe","52.5","15.6","221","5450","male"
"Gentoo","Biscoe","47.4","14.6","212","4725","female"
"Gentoo","Biscoe","50","15.9","224","5350","male"
"Gentoo","Biscoe","44.9","13.8","212","4750","female"
"Gentoo","Biscoe","50.8","17.3","228","5600","male"
"Gentoo","Biscoe","43.4","14.4","218","4600","female"
"Gentoo","Biscoe","51.3","14.2","218","5300","male"
"Gentoo","Biscoe","47.5","14","212","4875","female"
"Gentoo","Biscoe","52.1","17","230","5550","male"
"Gentoo","Biscoe","47.5","15","218","4950","female"
"Gentoo","Biscoe","52.2","17.1","228","5400","male"
"Gentoo","Biscoe","45.5","14.5","212","4750","female"
"Gentoo","Biscoe","49.5","16.1","224","5650","male"
"Gentoo","Biscoe","44.5","14.7","214","4850","female"
"Gentoo","Biscoe","50.8","15.7","226","5200","male"
"Gentoo","Biscoe","49.4","15.8","216","4925","male"
"Gentoo","Biscoe","46.9","14.6","222","4875","female"
"Gentoo","Biscoe","48.4","14.4","203","4625","female"
"Gentoo","Biscoe","51.1","16.5","225","5250","male"
"Gentoo","Biscoe","48.5","15","219","4850","female"
"Gentoo","Biscoe","55.9","17","228","5600","male"
"Gentoo","Biscoe","47.2","15.5","215","4975","female"
"Gentoo","Biscoe","49.1","15","228","5500","male"
"Gentoo","Biscoe","46.8","16.1","215","5500","male"
"Gentoo","Biscoe","41.7","14.7","210","4700","female"
"Gentoo","Biscoe","53.4","15.8","219","5500","male"
"Gentoo","Biscoe","43.3","14","208","4575","female"
"Gentoo","Biscoe","48.1","15.1","209","5500","male"
"Gentoo","Biscoe","50.5","15.2","216","5000","female"
"Gentoo","Biscoe","49.8","15.9","229","5950","male"
"Gentoo","Biscoe","43.5","15.2","213","4650","female"
"Gentoo","Biscoe","51.5","16.3","230","5500","male"
"Gentoo","Biscoe","46.2","14.1","217","4375","female"
"Gentoo","Biscoe","55.1","16","230","5850","male"
"Gentoo","Biscoe","48.8","16.2","222","6000","male"
"Gentoo","Biscoe","47.2","13.7","214","4925","female"
"Gentoo","Biscoe","46.8","14.3","215","4850","female"
"Gentoo","Biscoe","50.4","15.7","222","5750","male"
"Gentoo","Biscoe","45.2","14.8","212","5200","female"
"Gentoo","Biscoe","49.9","16.1","213","5400","male"
"Chinstrap","Dream","46.5","17.9","192","3500","female"
"Chinstrap","Dream","50","19.5","196","3900","male"
"Chinstrap","Dream","51.3","19.2","193","3650","male"
"Chinstrap","Dream","45.4","18.7","188","3525","female"
"Chinstrap","Dream","52.7","19.8","197","3725","male"
"Chinstrap","Dream","45.2","17.8","198","3950","female"
"Chinstrap","Dream","46.1","18.2","178","3250","female"
"Chinstrap","Dream","51.3","18.2","197","3750","male"
"Chinstrap","Dream","46","18.9","195","4150","female"
"Chinstrap","Dream","51.3","19.9","198","3700","male"
"Chinstrap","Dream","46.6","17.8","193","3800","female"
"Chinstrap","Dream","51.7","20.3","194","3775","male"
"Chinstrap","Dream","47","17.3","185","3700","female"
"Chinstrap","Dream","52","18.1","201","4050","male"
"Chinstrap","Dream","45.9","17.1","190","3575","female"
"Chinstrap","Dream","50.5","19.6","201","4050","male"
"Chinstrap","Dream","50.3","20","197","3300","male"
"Chinstrap","Dream","58","17.8","181","3700","female"
"Chinstrap","Dream","46.4","18.6","190","3450","female"
"Chinstrap","Dream","49.2","18.2","195","4400","male"
"Chinstrap","Dream","42.4","17.3","181","3600","female"
"Chinstrap","Dream","48.5","17.5","191","3400","male"
"Chinstrap","Dream","43.2","16.6","187","2900","female"
"Chinstrap","Dream","50.6","19.4","193","3800","male"
"Chinstrap","Dream","46.7","17.9","195","3300","female"
"Chinstrap","Dream","52","19","197","4150","male"
"Chinstrap","Dream","50.5","18.4","200","3400","female"
"Chinstrap","Dream","49.5","19","200","3800","male"
"Chinstrap","Dream","46.4","17.8","191","3700","female"
"Chinstrap","Dream","52.8","20","205","4550","male"
"Chinstrap","Dream","40.9","16.6","187","3200","female"
"Chinstrap","Dream","54.2","20.8","201","4300","male"
"Chinstrap","Dream","42.5","16.7","187","3350","female"
"Chinstrap","Dream","51","18.8","203","4100","male"
"Chinstrap","Dream","49.7","18.6","195","3600","male"
"Chinstrap","Dream","47.5","16.8","199","3900","female"
"Chinstrap","Dream","47.6","18.3","195","3850","female"
"Chinstrap","Dream","52","20.7","210","4800","male"
"Chinstrap","Dream","46.9","16.6","192","2700","female"
"Chinstrap","Dream","53.5","19.9","205","4500","male"
"Chinstrap","Dream","49","19.5","210","3950","male"
"Chinstrap","Dream","46.2","17.5","187","3650","female"
"Chinstrap","Dream","50.9","19.1","196","3550","male"
"Chinstrap","Dream","45.5","17","196","3500","female"
"Chinstrap","Dream","50.9","17.9","196","3675","female"
"Chinstrap","Dream","50.8","18.5","201","4450","male"
"Chinstrap","Dream","50.1","17.9","190","3400","female"
"Chinstrap","Dream","49","19.6","212","4300","male"
"Chinstrap","Dream","51.5","18.7","187","3250","male"
"Chinstrap","Dream","49.8","17.3","198","3675","female"
"Chinstrap","Dream","48.1","16.4","199","3325","female"
"Chinstrap","Dream","51.4","19","201","3950","male"
"Chinstrap","Dream","45.7","17.3","193","3600","female"
"Chinstrap","Dream","50.7","19.7","203","4050","male"
"Chinstrap","Dream","42.5","17.3","187","3350","female"
"Chinstrap","Dream","52.2","18.8","197","3450","male"
"Chinstrap","Dream","45.2","16.6","191","3250","female"
"Chinstrap","Dream","49.3","19.9","203","4050","male"
"Chinstrap","Dream","50.2","18.8","202","3800","male"
"Chinstrap","Dream","45.6","19.4","194","3525","female"
"Chinstrap","Dream","51.9","19.5","206","3950","male"
"Chinstrap","Dream","46.8","16.5","189","3650","female"
"Chinstrap","Dream","45.7","17","195","3650","female"
"Chinstrap","Dream","55.8","19.8","207","4000","male"
"Chinstrap","Dream","43.5","18.1","202","3400","female"
"Chinstrap","Dream","49.6","18.2","193","3775","male"
"Chinstrap","Dream","50.8","19","210","4100","male"
"Chinstrap","Dream","50.2","18.7","198","3775","female"
"Chinstrap","Dream","44.45362908","17.18264977","186","3585","female"
"Chinstrap","Dream","42.5","16.72084682","187","3350","female"
"Chinstrap","Dream","49.7140685","18.04633082","196","3400","female"
"Chinstrap","Dream","46.94879689","17.51399877","191","3581","female"
"Chinstrap","Dream","51.17043418","19.95931624","205","4681","male"
"Chinstrap","Dream","52.46862629","19.81652669","197","3720","male"
"Chinstrap","Dream","42.45472742","17.29687272","181","3599","female"
"Chinstrap","Dream","47.29276207","17.26489778","196","3310","female"
"Chinstrap","Dream","48.7676398","18.27074881","196","3530","female"
"Chinstrap","Dream","50.85869763","18.94130237","207","4100","male"
"Chinstrap","Dream","57.90566519","17.82956763","181","3700","female"
"Chinstrap","Dream","49.91583265","18.55791633","196","4429","male"
"Chinstrap","Dream","44.59897815","17.73814712","180","3235","female"
"Chinstrap","Dream","44.96877122","18.16294734","201","3400","female"
"Chinstrap","Dream","52.31523202","20.42417198","208","4701","male"
"Chinstrap","Dream","50.5978336","17.79682123","195","3673","female"
"Chinstrap","Dream","49.83741514","19.32553851","206","3950","male"
"Chinstrap","Dream","50.2","18.70850403","198","3777","female"
"Chinstrap","Dream","41.79976853","16.6","187","3125","female"
"Chinstrap","Dream","51.43593385","18.62021973","198","3427","female"
"Chinstrap","Dream","42.5","16.75724607","187","3350","female"
"Chinstrap","Dream","47.22035483","17.11124548","196","3659","female"
"Chinstrap","Dream","51.76362225","18.729854","197","3741","male"
"Chinstrap","Dream","44.3708348","16.59977671","191","3341","female"
"Chinstrap","Dream","52.0747485","20.30955735","205","4300","male"
"Chinstrap","Dream","51.68461051","19.87252782","197","3706","male"
"Chinstrap","Dream","51.47550263","19.12138881","195","3760","male"
"Chinstrap","Dream","51.38292687","18.53195119","202","4080","male"
"Chinstrap","Dream","50.83394549","18.56223339","201","4459","male"
"Chinstrap","Dream","42.5","16.79065171","187","3350","female"
"Chinstrap","Dream","49.83481144","19.90609753","211","4439","male"
"Chinstrap","Dream","50.07757587","18.74159095","194","3611","male"
"Chinstrap","Dream","47.62427329","18.20970932","193","3800","female"
"Chinstrap","Dream","46.80621131","17.90108397","193","3798","female"
"Chinstrap","Dream","50.64720453","19.62386176","194","3285","male"
"Chinstrap","Dream","55.31208039","19.71128734","206","3994","male"
"Chinstrap","Dream","47.42464449","18.26819905","200","3400","female"
"Chinstrap","Dream","46.57810888","16.6008596","190","3650","female"
"Chinstrap","Dream","46.82736926","18.57915272","191","3444","female"
"Chinstrap","Dream","52.03448169","19.84753702","197","3713","male"
"Chinstrap","Dream","47.91017328","17.97468977","193","3789","female"
"Chinstrap","Dream","50.79134517","19.42596448","203","4065","male"
"Chinstrap","Dream","43.55891905","17.38359887","187","3356","female"
"Chinstrap","Dream","53.70863661","17.86044174","190","3684","female"
"Chinstrap","Dream","53.69461974","19.63804767","206","3973","male"
"Chinstrap","Dream","51.21877551","18.93602041","193","3655","female"
"Chinstrap","Dream","46.40859072","18.22857321","178","3250","female"
"Chinstrap","Dream","46.35875201","16.82090763","190","3629","female"
"Chinstrap","Dream","49.10122576","18.49478493","199","3800","female"
"Chinstrap","Dream","50.2","18.78804678","201","3797","female"
"Chinstrap","Dream","46.4624354","18.16295217","191","3481","female"
"Chinstrap","Dream","45.7","17.21130989","193","3614","female"
"Chinstrap","Dream","46.54307589","18.38988967","180","3255","female"
"Chinstrap","Dream","46.47392074","17.04346543","187","3650","female"
"Chinstrap","Dream","49.51361443","19.54127508","196","3300","female"
"Chinstrap","Dream","51.13339602","19.0669801","197","3689","female"
"Chinstrap","Dream","45.70504777","19.22492039","193","3522","female"
"Chinstrap","Dream","47.57303506","17.92973801","193","3791","female"
"Chinstrap","Dream","48.69534073","17.54883518","190","3400","female"
"Chinstrap","Dream","50.90118303","19.17814892","199","3932","male"
"Chinstrap","Dream","49.52048532","17.22546275","197","3672","female"
"Chinstrap","Dream","45.89311068","16.6","190","2754","female"
"Chinstrap","Dream","45.43523099","18.1010732","190","3516","female"
"Chinstrap","Dream","46.0023417","18.90036426","195","4149","female"
"Chinstrap","Dream","44.4743856","16.59422934","191","3341","female"
"Chinstrap","Dream","49.73147502","19.34760937","207","3950","male"
"Chinstrap","Dream","51.53974485","19.71646559","203","4041","male"
"Chinstrap","Dream","53.98294874","19.66022683","206","3976","male"
"Chinstrap","Dream","42.5","17.00910202","187","3350","female"
"Chinstrap","Dream","47.16084542","17.64588433","196","3515","female"
"Chinstrap","Dream","48.69270713","17.3698844","198","3318","female"
"Chinstrap","Dream","51.26762343","20.43146193","210","4677","male"
"Chinstrap","Dream","45.56634179","19.28219627","192","3525","female"
"Chinstrap","Dream","49.69679679","19.01249431","194","3544","female"
"Chinstrap","Dream","49.04632021","18.4487734","190","3650","female"
"Chinstrap","Dream","49.08076723","19.03462936","205","4340","male"
"Chinstrap","Dream","50.27138147","18.66755388","197","3773","female"
"Chinstrap","Dream","47.51409549","18.05391541","195","3800","female"
"Gentoo","Biscoe","50.113611","15.16389004","223","5700","male"
"Gentoo","Biscoe","51.60491046","16.50491046","228","5550","male"
"Gentoo","Biscoe","45.79540876","15.64474116","216","5050","male"
"Gentoo","Biscoe","45.15579754","14.56974693","215","5000","female"
"Gentoo","Biscoe","45.65392768","14.36628428","209","4200","female"
"Gentoo","Biscoe","48.44263224","15.08617895","214","5400","male"
"Gentoo","Biscoe","44.08578196","13.96653297","217","5000","female"
"Gentoo","Biscoe","47.42374337","14.99334163","218","5200","female"
"Gentoo","Biscoe","49.16071768","14.92013049","215","4745","female"
"Gentoo","Biscoe","44.68273921","14.2","219","4700","female"
"Gentoo","Biscoe","50.27013894","16.81089748","226","5620","male"
"Gentoo","Biscoe","49.28825578","15.25109545","220","6286","male"
"Gentoo","Biscoe","48.47207176","14.38226346","210","4615","female"
"Gentoo","Biscoe","48.27368969","15.06589518","221","5341","male"
"Gentoo","Biscoe","47.91058771","15.07155675","215","5650","male"
"Gentoo","Biscoe","46.17444277","14.08977711","216","4376","female"
"Gentoo","Biscoe","44.99623031","13.84124156","212","4750","female"
"Gentoo","Biscoe","45.26641061","14.7574808","214","4850","female"
"Gentoo","Biscoe","46.33168472","14.16553652","213","4750","female"
"Gentoo","Biscoe","45.64929172","16.35116394","223","5950","male"
"Gentoo","Biscoe","49.58950293","15.83684661","218","5350","male"
"Gentoo","Biscoe","43.8880305","13.76795425","208","4322","female"
"Gentoo","Biscoe","58.562675","16.91457324","228","6043","male"
"Gentoo","Biscoe","49.74758846","16.19903538","226","5674","male"
"Gentoo","Biscoe","54.15212936","15.72063311","230","5651","male"
"Gentoo","Biscoe","48.32745632","16.13677672","219","5400","male"
"Gentoo","Biscoe","47.64602606","14.53992597","218","5300","male"
"Adelie","Torgersen","39.35081278","18.33685023","186.9960427","3595.409499","male"
"Adelie","Torgersen","40.93428653","17.02003509","183.79991","3891.92745","female"
"Adelie","Torgersen","41.60804722","18.43043989","191.0983528","3269.539847","female"
"Adelie","Torgersen","36.4430196","19.01668055","195.6195156","3469.383052","female"
"Adelie","Torgersen","41.11281531","20.38485519","186.37006","3613.104601","male"
"Adelie","Torgersen","38.97883953","17.66346484","172.9967668","3480.199724","female"
"Adelie","Torgersen","38.79252118","19.64641619","191.4433374","4859.374282","male"
"Adelie","Torgersen","40.46863104","18.09604886","189.7775337","3059.775994","female"
"Adelie","Torgersen","36.98504023","21.1810912","185.2947393","3655.45666","male"
"Adelie","Torgersen","33.00827952","21.5822198","194.214203","4268.942094","male"
"Adelie","Torgersen","36.25095815","17.4264056","192.1921761","3822.271195","female"
"Adelie","Torgersen","39.54603519","18.6966439","187.3544624","3571.506753","female"
"Adelie","Torgersen","42.10854602","20.55264519","204.4976733","4707.979729","male"
"Adelie","Torgersen","34.5590521","18.90406967","186.5282054","3204.304081","female"
"Adelie","Torgersen","44.72899393","22.55382294","199.159042","4017.974893","male"
"Adelie","Biscoe","37.89851329","18.83376742","178.5554725","3388.155612","female"
"Adelie","Biscoe","35.92033157","19.10673111","184.4333735","3617.294129","male"
"Adelie","Biscoe","36.54000174","19.62315602","187.3504823","3735.947057","female"
"Adelie","Biscoe","39.77638916","17.63522057","177.6153106","3782.002638","male"
"Adelie","Biscoe","39.8178798","17.74471339","174.3176351","3704.659928","male"
"Adelie","Biscoe","35.22032682","18.97999936","178.3641033","3732.344741","female"
"Adelie","Biscoe","38.74704899","18.83300189","189.6547394","3508.57617","male"
"Adelie","Biscoe","41.24978531","17.07945425","190.0518314","3257.509101","female"
"Adelie","Biscoe","38.15243939","19.19195981","178.8182616","3286.316416","female"
"Adelie","Biscoe","39.58558548","19.31065437","174.3673679","4145.967343","male"
"Adelie","Dream","41.14620974","16.06022449","172.2528037","3187.056537","female"
"Adelie","Dream","36.96004434","17.67712936","183.4556358","4054.791222","male"
"Adelie","Dream","39.05886564","18.68302654","190.7720858","3456.223993","female"
"Adelie","Dream","39.17365286","18.61514396","192.346976","3932.849496","male"
"Adelie","Dream","34.77345659","16.75162887","194.0095045","3485.488657","female"
"Adelie","Dream","38.4732496","21.95468592","202.6452995","4150.409042","male"
"Adelie","Dream","40.69611773","20.80238054","184.1414064","4133.392582","male"
"Adelie","Dream","43.00902894","18.33208821","187.8187682","3397.529806","female"
"Adelie","Dream","38.21707968","18.96149065","187.5164358","3438.024971","female"
"Adelie","Dream","40.45471837","18.29284856","175.1133863","4500.431939","male"
"Adelie","Dream","34.91833351","18.4542851","186.6253812","3035.396192","female"
"Adelie","Dream","39.06442165","19.06085269","186.1613192","4041.376511","male"
"Adelie","Dream","36.18059486","19.1803593","181.6276822","3243.837764","female"
"Adelie","Dream","45.4379573","19.12220351","197.8982414","4282.365356","male"
"Adelie","Dream","36.48079682","17.06292608","185.4591256","2958.612845","female"
"Adelie","Dream","40.47096911","18.55320061","197.9485458","4801.737373","male"
"Adelie","Dream","39.11365643","18.84047972","180.0070142","3567.90617","male"
"Adelie","Dream","35.70961153","17.89401038","183.4464912","3568.548255","female"
"Adelie","Dream","42.35582916","21.90259649","194.3825367","4316.095699","male"
"Adelie","Biscoe","41.38415254","16.91711481","178.0222489","3527.175733","female"
"Adelie","Biscoe","38.69106443","19.45581161","191.4399651","4299.602135","male"
"Adelie","Biscoe","35.68952887","18.64917028","195.8073605","3517.900955","female"
"Adelie","Biscoe","43.14453992","19.17649789","202.1500538","4061.535693","male"
"Adelie","Biscoe","33.56430457","17.26633259","189.4792674","2806.443216","female"
"Adelie","Biscoe","41.70401948","18.95077071","197.03473","3639.024681","male"
"Adelie","Biscoe","40.708187","17.05673828","187.2636877","3692.461343","female"
"Adelie","Biscoe","40.49701224","18.46859029","186.7030236","3630.225114","male"
"Adelie","Biscoe","37.56627332","16.25237354","178.8497544","2910.235943","female"
"Adelie","Biscoe","36.46012575","20.03999065","201.9857086","3678.565769","male"
"Adelie","Biscoe","36.00836414","17.72647907","179.9158124","3296.832983","female"
"Adelie","Biscoe","40.54297442","21.96561184","201.1272179","4316.366174","male"
"Adelie","Biscoe","37.5583324","17.07138402","175.8495865","3587.306619","female"
"Adelie","Biscoe","42.36037369","17.50578206","197.3157046","4156.409788","male"
"Adelie","Biscoe","36.68587554","16.53505049","181.4725562","2726.755613","female"
"Adelie","Biscoe","40.32515407","17.46288381","189.9748309","3929.521662","male"
"Adelie","Biscoe","37.17325899","16.87780272","191.0382717","3334.084334","female"
"Adelie","Biscoe","39.41619748","18.88839616","183.4055617","3984.4987","male"
"Adelie","Torgersen","36.12453802","16.71100389","192.2349435","2995.286567","female"
"Adelie","Torgersen","41.05740898","18.86090775","194.7758854","4485.291532","male"
"Adelie","Torgersen","32.12762863","19.01935455","198.1733322","3529.049623","female"
"Adelie","Torgersen","41.22249087","19.31537072","195.8780199","4024.075412","male"
"Adelie","Torgersen","39.87707157","16.90299671","199.4057813","3550.713547","female"
"Adelie","Torgersen","45.99757589","18.72023124","190.7662459","4141.550268","male"
"Adelie","Torgersen","36.16304419","16.79266258","191.2411416","3865.194629","female"
"Adelie","Torgersen","41.04128259","18.52927189","192.7910169","4094.083637","male"
"Adelie","Torgersen","39.10290885","16.72318455","193.947476","3699.977295","female"
"Adelie","Torgersen","37.75082254","20.23418711","183.223387","3927.902651","male"
"Adelie","Torgersen","36.97385611","16.61200491","182.888528","3521.919777","female"
"Adelie","Torgersen","43.7744729","19.28763474","203.039643","4093.405002","male"
"Adelie","Torgersen","33.56493448","16.77238404","188.6277821","3124.24863","female"
"Adelie","Torgersen","43.37150345","17.09920219","188.2202343","4705.285633","male"
"Adelie","Torgersen","38.23955291","18.75790527","181.6733743","3802.622194","female"
"Adelie","Torgersen","36.48112239","19.75506295","185.740102","4139.681862","male"
"Adelie","Dream","38.51724977","17.34786055","183.3508769","3460.127033","female"
"Adelie","Dream","39.30501299","20.74281864","194.3488678","3598.007225","male"
"Adelie","Dream","35.08443536","19.418389","182.3238034","3853.27941","male"
"Adelie","Dream","37.58724643","18.81284377","195.8263489","3624.456175","female"
"Adelie","Dream","37.42349335","19.16197792","182.6237311","4008.969459","male"
"Adelie","Dream","38.505504","19.60036473","187.6399741","3772.963373","female"
"Adelie","Dream","35.56411391","18.30278167","210.6448676","3677.874432","female"
"Adelie","Dream","39.89041888","17.72619517","203.6840054","4200.247878","male"
"Adelie","Dream","33.99417764","17.60548064","190.4542128","3536.925754","female"
"Adelie","Dream","40.463768","18.65766062","194.0663792","4415.501384","male"
"Adelie","Dream","37.53921094","18.0152358","180.33975","3149.413378","female"
"Adelie","Dream","39.48514509","18.91879598","210.8845583","4154.147543","male"
"Adelie","Dream","38.34691901","19.0703951","189.0390494","3585.633217","female"
"Adelie","Dream","41.89076058","18.73852764","201.6012946","4309.066317","male"
"Adelie","Dream","33.71418001","16.88050038","169.2445757","2761.032149","female"
"Adelie","Dream","44.12240195","17.99569141","200.9476699","4203.622628","male"
"Adelie","Biscoe","35.29882932","17.34178841","198.7539559","3589.043948","female"
"Adelie","Biscoe","39.87285556","20.95156872","203.9992738","4589.526963","male"
"Adelie","Biscoe","39.54144229","16.70448281","185.1053032","3137.28871","female"
"Adelie","Biscoe","37.86741847","20.13703961","186.7167788","4312.650876","male"
"Adelie","Biscoe","36.46862047","19.5047314","198.5849612","2811.262309","female"
"Adelie","Biscoe","39.15717752","18.68903359","192.6894449","3522.869432","male"
"Adelie","Biscoe","39.94950871","17.44385918","191.5443837","3728.280232","female"
"Adelie","Biscoe","38.67023583","19.41465453","182.4877205","3919.697082","male"
"Adelie","Biscoe","39.69336298","16.53138187","188.8785655","3194.571387","female"
"Adelie","Biscoe","43.02443669","18.58240427","199.151449","4669.170015","male"
"Adelie","Biscoe","39.81718691","16.34644522","204.0245342","3736.59393","female"
"Adelie","Biscoe","44.78284347","19.85144037","194.7493153","4781.788792","male"
"Adelie","Biscoe","40.49093019","17.73721475","187.0532679","3344.905042","female"
"Adelie","Biscoe","43.237886","19.23802214","206.6903531","4163.535834","male"
"Adelie","Biscoe","38.86134882","20.2261986","193.6200245","3858.669442","female"
"Adelie","Biscoe","43.07471813","19.05470256","205.4816651","4090.008093","male"
"Adelie","Torgersen","38.56226613","17.63386845","193.9666356","3033.035325","female"
"Adelie","Torgersen","36.15680236","21.30427916","202.1569549","3610.055205","male"
"Adelie","Torgersen","35.98378918","17.38571905","183.6398692","3201.522899","female"
"Adelie","Torgersen","41.0995312","18.5328055","192.9302643","3403.402147","male"
"Adelie","Torgersen","36.98452862","17.27500982","185.9503991","3084.739717","female"
"Adelie","Torgersen","36.63195906","18.8455062","201.1054041","3492.474401","male"
"Adelie","Torgersen","41.4749097","16.69518193","170.0668177","3597.022708","female"
"Adelie","Torgersen","40.44749967","18.71877074","197.1670247","3701.32915","male"
"Adelie","Torgersen","35.57335976","16.63948523","188.0589532","3010.253798","female"
"Adelie","Torgersen","42.41776869","19.5227905","193.639537","3991.619961","male"
"Adelie","Torgersen","39.56198638","17.71667957","194.2817259","3336.909455","female"
"Adelie","Torgersen","40.01103067","17.94580338","192.858095","4416.901401","male"
"Adelie","Torgersen","37.2673408","16.70460853","185.8017409","2929.773479","female"
"Adelie","Torgersen","43.5480899","18.15595139","216.2705144","4013.095707","male"
"Adelie","Torgersen","40.41976537","18.66918349","199.4321665","3241.889946","female"
"Adelie","Torgersen","44.76685147","19.3809651","198.4795329","3463.430975","male"
"Adelie","Dream","37.1035003","18.14262179","193.7581608","3473.827941","female"
"Adelie","Dream","38.10976491","18.44570409","196.1493001","4533.528406","male"
"Adelie","Dream","36.66775676","17.41360054","188.7953002","3585.2569","female"
"Adelie","Dream","39.75089261","17.58917135","196.1947058","3960.878904","male"
"Adelie","Dream","35.66284552","17.30321821","183.6396877","3283.977615","female"
"Adelie","Dream","38.53087502","20.46333558","201.2444081","3778.349117","male"
"Adelie","Dream","37.34576369","17.18222129","189.1564456","3366.531809","female"
"Adelie","Dream","38.65865089","17.10842096","189.8578233","4126.508831","male"
"Adelie","Dream","41.47886408","17.95007197","202.2256559","3555.32151","female"
"Adelie","Dream","39.44653819","17.86803239","180.4393477","3590.391099","male"
"Adelie","Dream","31.51722221","15.3325044","187.6385459","3081.438075","female"
"Adelie","Dream","39.79187483","16.44877693","184.7595268","3598.490104","male"
"Adelie","Dream","36.44918939","17.60856526","201.0669045","3036.377611","female"
"Adelie","Dream","40.21851775","18.85095988","191.558555","3648.858689","male"
"Adelie","Dream","39.14104496","18.24823108","196.4239718","4249.113066","male"
"Adelie","Dream","36.46239901","18.50687587","183.4184204","3548.074988","female"
"Adelie","Dream","37.6740748","17.34783557","202.2149525","3435.091036","female"
"Adelie","Dream","37.23562184","17.27956547","190.3240995","3825.253899","male"
"Adelie","Dream","36.11432551","17.11271151","185.3486765","3624.088414","female"
"Adelie","Dream","41.49397927","19.32285049","204.2743966","4024.897395","male"
"Gentoo","Biscoe","48.05382102","12.82468079","208.9654903","4323.917191","female"
"Gentoo","Biscoe","48.09165343","16.71023002","235.2365395","5902.056939","male"
"Gentoo","Biscoe","46.94484433","14.42129651","213.9948806","4526.094649","female"
"Gentoo","Biscoe","49.95398834","14.55395327","219.4882997","5841.650959","male"
"Gentoo","Biscoe","45.518765","14.69065885","225.6961872","5368.98137","male"
"Gentoo","Biscoe","46.42343314","13.81636269","212.3438224","4611.243998","female"
"Gentoo","Biscoe","44.3400855","14.35186636","207.6328361","4871.430839","female"
"Gentoo","Biscoe","45.49725867","15.63139759","219.5690605","5015.488661","male"
"Gentoo","Biscoe","43.49750946","12.7588896","209.4311634","4205.289252","female"
"Gentoo","Biscoe","46.74325072","15.21496811","204.6547969","5044.357695","male"
"Gentoo","Biscoe","41.17960308","13.47838533","223.7831572","4655.982062","female"
"Gentoo","Biscoe","49.17452345","16.02316678","206.1883248","5759.493878","male"
"Gentoo","Biscoe","45.99096677","13.12810719","208.2922638","4427.03713","female"
"Gentoo","Biscoe","49.22267466","14.86303057","214.6300133","5956.825448","male"
"Gentoo","Biscoe","45.5974362","14.99904842","216.4005434","4150.740807","female"
"Gentoo","Biscoe","51.22900189","15.55543908","212.8485305","5731.324116","male"
"Gentoo","Biscoe","41.6056525","13.95291685","199.6461249","4053.077609","female"
"Gentoo","Biscoe","47.89583093","14.8400724","229.6088903","6102.335162","male"
"Gentoo","Biscoe","48.43464601","14.37393989","215.6392466","4781.038359","female"
"Gentoo","Biscoe","46.72133676","14.95122016","211.1744004","5303.487193","male"
"Gentoo","Biscoe","51.1059941","13.74776606","218.7929588","5704.024268","male"
"Gentoo","Biscoe","45.70736451","14.95507282","223.5111662","5138.645726","female"
"Gentoo","Biscoe","47.64598309","14.40554524","208.5840388","4568.980084","female"
"Gentoo","Biscoe","47.34036339","15.95862058","212.8085288","5237.751848","male"
"Gentoo","Biscoe","42.15042936","13.66761609","222.1267841","4991.85905","female"
"Gentoo","Biscoe","44.97106198","15.02585169","206.75319","5348.610233","male"
"Gentoo","Biscoe","47.7464286","14.37097994","220.3030501","5847.125106","male"
"Gentoo","Biscoe","46.02709722","13.88640961","204.5906307","4755.144734","female"
"Gentoo","Biscoe","48.13487138","15.22400105","212.6875635","5376.347185","male"
"Gentoo","Biscoe","49.36455558","14.93707331","229.1695609","5265.292853","male"
"Gentoo","Biscoe","43.58378533","14.28321481","205.6108612","4867.676996","female"
"Gentoo","Biscoe","46.01204977","13.99900534","217.1002405","4972.260537","female"
"Gentoo","Biscoe","60.74635096","16.75841036","223.0222649","5763.097029","male"
"Gentoo","Biscoe","50.13105219","14.36204049","217.7848449","5232.385919","female"
"Gentoo","Biscoe","50.62568657","16.45667611","224.3202432","5407.31344","male"
"Gentoo","Biscoe","43.75812708","13.99686838","208.4579859","4910.458557","female"
"Gentoo","Biscoe","45.34520453","16.75224795","223.9922574","5423.831604","male"
"Gentoo","Biscoe","42.220728","13.0046571","213.0677346","4507.886318","female"
"Gentoo","Biscoe","50.19346285","15.84742547","204.324757","5297.649584","male"
"Gentoo","Biscoe","44.14854643","13.26258057","201.6279387","3975.50777","female"
"Gentoo","Biscoe","51.39849688","15.56541232","219.7530328","5664.815453","male"
"Gentoo","Biscoe","43.31901929","13.99014163","203.4418784","4242.805603","female"
"Gentoo","Biscoe","49.48158312","14.32031009","210.6719636","4882.835283","male"
"Gentoo","Biscoe","48.96506623","15.50295688","213.0084346","5706.859129","male"
"Gentoo","Biscoe","44.45032236","14.02027548","227.0743818","4704.23485","female"
"Gentoo","Biscoe","46.03043664","13.69481385","217.4741862","4394.995313","female"
"Gentoo","Biscoe","51.59306893","15.15651766","223.2782011","5133.29037","male"
"Gentoo","Biscoe","43.71162404","13.32271594","223.4624815","5069.169957","female"
"Gentoo","Biscoe","44.80424072","15.98395938","212.4076404","5322.707781","male"
"Gentoo","Biscoe","45.80815836","14.290209","212.6763764","4986.061624","female"
"Gentoo","Biscoe","49.85775195","14.28231538","223.8904987","5367.539866","male"
"Gentoo","Biscoe","46.52955408","14.56408087","209.0931144","4440.045499","female"
"Gentoo","Biscoe","49.98085822","15.61290247","220.1971064","5183.792786","male"
"Gentoo","Biscoe","48.57976715","13.71888576","214.7760085","4838.016898","female"
"Gentoo","Biscoe","46.76521907","14.8488161","218.6908785","5194.455849","male"
"Gentoo","Biscoe","42.45325649","14.40259212","217.9693951","4288.362624","female"
"Gentoo","Biscoe","46.98154894","15.57087876","217.3117683","5170.909685","male"
"Gentoo","Biscoe","41.33011679","14.72418235","208.5871134","4383.768332","female"
"Gentoo","Biscoe","49.75830589","14.97301035","233.6334634","5582.401653","male"
"Gentoo","Biscoe","46.71909329","13.38455906","205.877731","4161.285666","female"
"Gentoo","Biscoe","46.00926155","14.24928282","220.4491767","5038.652246","male"
"Gentoo","Biscoe","44.27257805","13.37412912","220.8710796","4502.756128","female"
"Gentoo","Biscoe","55.67968441","16.15887396","226.0007773","5637.942583","male"
"Gentoo","Biscoe","43.78523095","14.5517339","208.5204873","4694.893012","female"
"Gentoo","Biscoe","51.52690285","16.61950845","241.1427519","5426.998924","male"
"Gentoo","Biscoe","47.50964827","16.82169577","231.8215912","5669.997034","male"
"Gentoo","Biscoe","44.39208553","13.8170186","213.7283185","4854.548075","female"
"Gentoo","Biscoe","51.29524821","14.57655358","232.3922786","5649.109391","male"
"Gentoo","Biscoe","45.60910582","14.45670939","210.2179825","4835.934615","female"
"Gentoo","Biscoe","44.35731664","15.01251294","222.3707166","4850.822349","male"
"Gentoo","Biscoe","45.80603588","16.16338513","221.8808885","5008.956275","male"
"Gentoo","Biscoe","47.51670953","14.41536884","208.0821436","4963.241572","female"
"Gentoo","Biscoe","46.84705403","15.26747161","220.8723082","4750.30113","female"
"Gentoo","Biscoe","47.95282845","16.23165882","238.828719","5717.517429","male"
"Gentoo","Biscoe","48.7142274","13.98072211","207.8646134","4609.160664","female"
"Gentoo","Biscoe","49.22026364","16.49031033","220.7299742","6081.487613","male"
"Gentoo","Biscoe","43.6815278","13.31256715","216.5925628","4559.674587","female"
"Gentoo","Biscoe","44.65598092","16.75197442","231.7651553","6156.326158","male"
"Gentoo","Biscoe","50.83594787","14.68898739","201.4754126","4502.814189","female"
"Gentoo","Biscoe","50.23145949","15.42938573","229.1402281","5237.833293","male"
"Gentoo","Biscoe","47.13178362","14.41498731","201.6013958","4878.634718","female"
"Gentoo","Biscoe","50.19055014","15.93232992","233.5023175","5233.03061","male"
"Gentoo","Biscoe","43.89892475","14.19280399","208.3421141","4677.364958","female"
"Gentoo","Biscoe","48.80783317","17.8624756","229.4441513","5512.741509","male"
"Gentoo","Biscoe","42.05806872","14.06993877","208.0314575","4745.06068","female"
"Gentoo","Biscoe","49.26453609","14.25870663","220.8367966","5271.519077","male"
"Gentoo","Biscoe","48.42023204","14.08721308","218.0856103","5047.707654","female"
"Gentoo","Biscoe","49.99965996","17.17491561","231.5082617","5317.416984","male"
"Gentoo","Biscoe","49.00274427","14.44361146","227.0701276","5159.472007","female"
"Gentoo","Biscoe","54.78234755","16.67435112","221.3160437","5169.623005","male"
"Gentoo","Biscoe","46.04020932","14.63131547","221.5878469","4723.41091","female"
"Gentoo","Biscoe","48.7842779","15.67142896","214.0996666","5486.033825","male"
"Gentoo","Biscoe","42.39273295","14.25171398","218.8033193","4733.003318","female"
"Gentoo","Biscoe","51.12436727","15.12911202","214.7854112","5214.262055","male"
"Gentoo","Biscoe","48.46004976","15.38892321","224.9939272","4708.000429","male"
"Gentoo","Biscoe","48.68871999","14.08443083","217.8004894","5089.561355","female"
"Gentoo","Biscoe","47.67635327","13.79938852","203.7415879","4779.993762","female"
"Gentoo","Biscoe","50.98796031","16.97441013","220.5633116","5484.763027","male"
"Gentoo","Biscoe","47.17591829","15.7099618","214.2586553","4939.159528","female"
"Gentoo","Biscoe","58.11113805","17.21936032","238.7572161","5796.527916","male"
"Gentoo","Biscoe","48.64602106","14.72678898","214.6390302","4909.85116","female"
"Gentoo","Biscoe","49.88186762","15.36951901","231.8096025","5280.704546","male"
"Gentoo","Biscoe","47.51333711","16.39222997","212.7009067","5426.503631","male"
"Gentoo","Biscoe","39.94032063","14.71200446","200.0966286","4495.158345","female"
"Gentoo","Biscoe","52.55670593","16.43617524","216.428658","5609.784819","male"
"Gentoo","Biscoe","42.54124088","14.19251667","200.5524402","4492.061651","female"
"Gentoo","Biscoe","45.88703831","15.68035262","207.6073143","5498.174667","male"
"Gentoo","Biscoe","49.69674763","15.34199326","225.4071955","4783.256723","female"
"Gentoo","Biscoe","48.44126204","16.37522912","231.845344","5886.938663","male"
"Gentoo","Biscoe","41.40171497","14.81249893","207.8236998","4598.025241","female"
"Gentoo","Biscoe","50.24963997","17.10708872","232.5118854","5493.228493","male"
"Gentoo","Biscoe","46.25382496","14.36125888","227.2462434","4578.505756","female"
"Gentoo","Biscoe","57.06832364","15.42212169","237.1683468","5583.000063","male"
"Gentoo","Biscoe","46.80079472","16.12734354","222.0202224","6192.068957","male"
"Gentoo","Biscoe","47.72049968","14.11861802","216.8128731","5074.06766","female"
"Gentoo","Biscoe","45.08709083","13.87291147","210.2420115","4885.788471","female"
"Gentoo","Biscoe","52.36644484","15.4123484","229.0593391","5823.41969","male"
"Gentoo","Biscoe","47.04317209","15.1849653","213.6244716","5244.610648","female"
"Gentoo","Biscoe","50.29524765","16.05543321","214.3353525","5436.00392","male"
"Chinstrap","Dream","44.61935689","17.76915414","190.3157729","3352.96431","female"
"Chinstrap","Dream","51.3859371","18.65710848","189.5667881","4077.078073","male"
"Chinstrap","Dream","51.93102071","19.28468837","198.6125587","3647.239191","male"
"Chinstrap","Dream","44.48096725","18.24927896","182.858977","3464.037391","female"
"Chinstrap","Dream","52.57090399","18.86051207","200.3777008","3548.221112","male"
"Chinstrap","Dream","43.45859739","18.3084334","199.2356774","4095.241925","female"
"Chinstrap","Dream","44.05507011","18.01368374","181.9960847","3192.581844","female"
"Chinstrap","Dream","53.20847486","18.60904904","200.2713253","3597.481989","male"
"Chinstrap","Dream","44.77446674","18.95604557","187.6677713","4149.749625","female"
"Chinstrap","Dream","52.20500307","19.94144633","189.0849868","3632.787451","male"
"Chinstrap","Dream","47.20644585","17.92940536","195.8775484","3817.873392","female"
"Chinstrap","Dream","51.82912057","19.834694","200.8438757","3909.053298","male"
"Chinstrap","Dream","48.22200249","16.58871411","175.8325878","3870.139194","female"
"Chinstrap","Dream","51.42688543","17.40929773","192.044477","3902.74096","male"
"Chinstrap","Dream","44.36112975","17.44310491","182.1232298","3475.194354","female"
"Chinstrap","Dream","48.13895743","18.69750349","210.863042","4124.715229","male"
"Chinstrap","Dream","52.43362628","19.57572699","206.6732645","3311.941012","male"
"Chinstrap","Dream","55.91626248","17.24683091","182.7941426","3776.219472","female"
"Chinstrap","Dream","44.09872945","19.46455235","182.3233786","3597.466256","female"
"Chinstrap","Dream","48.66837523","17.74783957","195.8688714","4540.151481","male"
"Chinstrap","Dream","41.66585055","18.13929436","185.947799","3658.511786","female"
"Chinstrap","Dream","46.42774937","17.56668652","199.7328942","3489.22675","male"
"Chinstrap","Dream","42.0941408","15.7851245","190.9671712","2938.566303","female"
"Chinstrap","Dream","50.87775085","19.2614316","198.4948248","3900.295619","male"
"Chinstrap","Dream","47.47404321","18.23709779","198.008584","3308.042177","female"
"Chinstrap","Dream","52.10600745","19.76951662","197.5951083","4024.422721","male"
"Chinstrap","Dream","48.90992296","18.72186313","191.9617857","3428.614884","female"
"Chinstrap","Dream","50.21390142","18.41744373","198.7679524","3971.39233","male"
"Chinstrap","Dream","44.35078793","17.81891851","200.2506241","3792.140086","female"
"Chinstrap","Dream","50.55287066","20.73381996","198.4957362","4456.468657","male"
"Chinstrap","Dream","40.24016225","16.30324161","187.0854226","3237.44127","female"
"Chinstrap","Dream","54.28608439","21.08905821","200.0388298","4384.746125","male"
"Chinstrap","Dream","44.06034183","17.08956474","178.6983542","3396.563236","female"
"Chinstrap","Dream","52.48220888","18.67767431","194.5298417","4055.624797","male"
"Chinstrap","Dream","49.53177539","17.68729918","192.8685442","3484.36289","male"
"Chinstrap","Dream","49.46931851","17.07469563","200.4375793","4007.458139","female"
"Chinstrap","Dream","49.30640071","18.90236605","194.4816294","3686.488022","female"
"Chinstrap","Dream","52.90864","21.08967428","201.2584516","4714.147544","male"
"Chinstrap","Dream","45.6668078","16.61826889","192.9772215","2569.186545","female"
"Chinstrap","Dream","55.18770778","20.32644142","204.4019027","4399.656477","male"
"Chinstrap","Dream","48.3828777","20.06229993","211.6129769","4094.257398","male"
"Chinstrap","Dream","44.63848724","16.76044765","183.1165694","3714.84992","female"
"Chinstrap","Dream","53.10570242","19.37376843","192.076363","3637.953061","male"
"Chinstrap","Dream","43.71754212","17.10538369","196.1115403","3391.099942","female"
"Chinstrap","Dream","49.17629893","17.94715412","205.6004245","3508.247869","female"
"Chinstrap","Dream","52.3494796","18.7153345","192.1381679","4403.170425","male"
"Chinstrap","Dream","49.49133065","18.59187966","197.3308141","3300.793852","female"
"Chinstrap","Dream","49.4636592","20.40922443","212.7754496","4281.130121","male"
"Chinstrap","Dream","49.08830292","18.28259827","184.4784187","3298.934286","male"
"Chinstrap","Dream","48.43635508","17.87210233","193.0697316","3804.129931","female"
"Chinstrap","Dream","48.91435281","16.31241714","205.4286727","3227.276309","female"
"Chinstrap","Dream","52.71097776","19.17675356","192.7410962","3994.756532","male"
"Chinstrap","Dream","45.154363","16.69549924","187.0707698","3563.998119","female"
"Chinstrap","Dream","50.38495472","20.34974746","199.8695306","3999.717284","male"
"Chinstrap","Dream","42.2156885","17.72383168","194.737953","3392.870676","female"
"Chinstrap","Dream","49.99284723","19.47529364","200.3796968","3285.337886","male"
"Chinstrap","Dream","45.71158886","16.5242819","189.3761307","3178.591998","female"
"Chinstrap","Dream","48.4862997","19.90210345","212.0367944","3913.914554","male"
"Chinstrap","Dream","48.90793574","19.34222412","204.8338608","3978.871318","male"
"Chinstrap","Dream","43.90216205","19.53134837","188.0706908","3635.783817","female"
"Chinstrap","Dream","51.92434419","19.93828388","212.7114622","3928.430618","male"
"Chinstrap","Dream","47.0545391","17.00735179","193.4769783","3671.972407","female"
"Chinstrap","Dream","46.65661006","17.15204621","189.3807079","3498.368071","female"
"Chinstrap","Dream","53.89269286","19.30570707","200.8054609","4095.154682","male"
"Chinstrap","Dream","43.2457433","17.48069419","211.9644593","3234.253632","female"
"Chinstrap","Dream","47.13285189","18.0952694","201.7644791","3810.620149","male"
"Chinstrap","Dream","51.72373491","19.33772398","199.748099","4064.267318","male"
"Chinstrap","Dream","51.14943851","17.90360112","201.9203874","3787.620676","female"
